universal_name,ticker,CIK,Date Filed,10k_url
Alcoa,AA,0001675149,2022-02-24,https://www.sec.gov/Archives/edgar/data/1675149/0001564590-22-006763.txt
Alcoa,AA,0001675149,2023-02-23,https://www.sec.gov/Archives/edgar/data/1675149/0001564590-23-002319.txt
Alcoa,AA,0001675149,2024-02-21,https://www.sec.gov/Archives/edgar/data/1675149/0000950170-24-018069.txt
Alcoa,AA,0001675149,2025-02-20,https://www.sec.gov/Archives/edgar/data/1675149/0000950170-25-024242.txt
American Airlines Group,AAL,0000006201,2022-02-22,https://www.sec.gov/Archives/edgar/data/6201/0000006201-22-000026.txt
American Airlines Group,AAL,0000006201,2023-02-22,https://www.sec.gov/Archives/edgar/data/6201/0000006201-23-000018.txt
American Airlines Group,AAL,0000006201,2024-02-21,https://www.sec.gov/Archives/edgar/data/6201/0000006201-24-000010.txt
American Airlines Group,AAL,0000006201,2025-02-19,https://www.sec.gov/Archives/edgar/data/6201/0000006201-25-000010.txt
Advance Auto Parts,AAP,0001158449,2022-02-15,https://www.sec.gov/Archives/edgar/data/1158449/0001158449-22-000037.txt
Advance Auto Parts,AAP,0001158449,2023-02-28,https://www.sec.gov/Archives/edgar/data/1158449/0001158449-23-000035.txt
Advance Auto Parts,AAP,0001158449,2024-03-12,https://www.sec.gov/Archives/edgar/data/1158449/0001158449-24-000048.txt
Advance Auto Parts,AAP,0001158449,2025-02-26,https://www.sec.gov/Archives/edgar/data/1158449/0001158449-25-000064.txt
Apple,AAPL,0000320193,2022-10-28,https://www.sec.gov/Archives/edgar/data/320193/0000320193-22-000108.txt
Apple,AAPL,0000320193,2023-11-03,https://www.sec.gov/Archives/edgar/data/320193/0000320193-23-000106.txt
Apple,AAPL,0000320193,2024-11-01,https://www.sec.gov/Archives/edgar/data/320193/0000320193-24-000123.txt
Apple,AAPL,0000320193,2025-10-31,https://www.sec.gov/Archives/edgar/data/320193/0000320193-25-000079.txt
AbbVie,ABBV,0001551152,2022-02-18,https://www.sec.gov/Archives/edgar/data/1551152/0001551152-22-000007.txt
AbbVie,ABBV,0001551152,2023-02-17,https://www.sec.gov/Archives/edgar/data/1551152/0001551152-23-000011.txt
AbbVie,ABBV,0001551152,2024-02-20,https://www.sec.gov/Archives/edgar/data/1551152/0001551152-24-000011.txt
AbbVie,ABBV,0001551152,2025-02-14,https://www.sec.gov/Archives/edgar/data/1551152/0001551152-25-000020.txt
Asbury Automotive Group,ABG,0001144980,2022-03-01,https://www.sec.gov/Archives/edgar/data/1144980/0001144980-22-000079.txt
Asbury Automotive Group,ABG,0001144980,2023-03-01,https://www.sec.gov/Archives/edgar/data/1144980/0001144980-23-000080.txt
Asbury Automotive Group,ABG,0001144980,2024-02-29,https://www.sec.gov/Archives/edgar/data/1144980/0001144980-24-000076.txt
Asbury Automotive Group,ABG,0001144980,2025-02-26,https://www.sec.gov/Archives/edgar/data/1144980/0001144980-25-000077.txt
ABM Industries,ABM,0000771497,2022-12-21,https://www.sec.gov/Archives/edgar/data/771497/0000771497-22-000028.txt
ABM Industries,ABM,0000771497,2023-12-18,https://www.sec.gov/Archives/edgar/data/771497/0000771497-23-000025.txt
ABM Industries,ABM,0000771497,2024-12-19,https://www.sec.gov/Archives/edgar/data/771497/0000771497-24-000029.txt
ABM Industries,ABM,0000771497,2025-12-19,https://www.sec.gov/Archives/edgar/data/771497/0000771497-25-000031.txt
Airbnb,ABNB,0001559720,2022-02-25,https://www.sec.gov/Archives/edgar/data/1559720/0001559720-22-000006.txt
Airbnb,ABNB,0001559720,2023-02-17,https://www.sec.gov/Archives/edgar/data/1559720/0001559720-23-000003.txt
Airbnb,ABNB,0001559720,2024-02-16,https://www.sec.gov/Archives/edgar/data/1559720/0001559720-24-000006.txt
Airbnb,ABNB,0001559720,2025-02-13,https://www.sec.gov/Archives/edgar/data/1559720/0001559720-25-000010.txt
Abbott Laboratories,ABT,0000001800,2022-02-18,https://www.sec.gov/Archives/edgar/data/1800/0001104659-22-025141.txt
Abbott Laboratories,ABT,0000001800,2023-02-17,https://www.sec.gov/Archives/edgar/data/1800/0001628280-23-004026.txt
Abbott Laboratories,ABT,0000001800,2024-02-16,https://www.sec.gov/Archives/edgar/data/1800/0001628280-24-005348.txt
Abbott Laboratories,ABT,0000001800,2025-02-21,https://www.sec.gov/Archives/edgar/data/1800/0001628280-25-007110.txt
Albertsons,ACI,0001646972,2022-04-26,https://www.sec.gov/Archives/edgar/data/1646972/0001646972-22-000031.txt
Albertsons,ACI,0001646972,2023-04-25,https://www.sec.gov/Archives/edgar/data/1646972/0001646972-23-000045.txt
Albertsons,ACI,0001646972,2024-04-22,https://www.sec.gov/Archives/edgar/data/1646972/0001646972-24-000060.txt
Albertsons,ACI,0001646972,2025-04-21,https://www.sec.gov/Archives/edgar/data/1646972/0001646972-25-000052.txt
AECOM,ACM,0000868857,2022-11-17,https://www.sec.gov/Archives/edgar/data/868857/0001104659-22-119637.txt
AECOM,ACM,0000868857,2023-11-15,https://www.sec.gov/Archives/edgar/data/868857/0001104659-23-118329.txt
AECOM,ACM,0000868857,2024-11-19,https://www.sec.gov/Archives/edgar/data/868857/0001410578-24-002030.txt
AECOM,ACM,0000868857,2025-11-19,https://www.sec.gov/Archives/edgar/data/868857/0000868857-25-000013.txt
Adobe,ADBE,0000796343,2022-01-21,https://www.sec.gov/Archives/edgar/data/796343/0000796343-22-000032.txt
Adobe,ADBE,0000796343,2023-01-17,https://www.sec.gov/Archives/edgar/data/796343/0000796343-23-000007.txt
Adobe,ADBE,0000796343,2024-01-17,https://www.sec.gov/Archives/edgar/data/796343/0000796343-24-000006.txt
Adobe,ADBE,0000796343,2025-01-13,https://www.sec.gov/Archives/edgar/data/796343/0000796343-25-000004.txt
Analog Devices,ADI,0000006281,2022-11-22,https://www.sec.gov/Archives/edgar/data/6281/0000006281-22-000250.txt
Analog Devices,ADI,0000006281,2023-11-21,https://www.sec.gov/Archives/edgar/data/6281/0000006281-23-000203.txt
Analog Devices,ADI,0000006281,2024-11-26,https://www.sec.gov/Archives/edgar/data/6281/0000006281-24-000204.txt
Analog Devices,ADI,0000006281,2025-11-25,https://www.sec.gov/Archives/edgar/data/6281/0000006281-25-000153.txt
Archer Daniels Midland,ADM,0000007084,2022-02-17,https://www.sec.gov/Archives/edgar/data/7084/0000007084-22-000008.txt
Archer Daniels Midland,ADM,0000007084,2023-02-14,https://www.sec.gov/Archives/edgar/data/7084/0000007084-23-000010.txt
Archer Daniels Midland,ADM,0000007084,2024-03-12,https://www.sec.gov/Archives/edgar/data/7084/0000007084-24-000009.txt
Archer Daniels Midland,ADM,0000007084,2025-02-20,https://www.sec.gov/Archives/edgar/data/7084/0000007084-25-000011.txt
Automatic Data Processing,ADP,0000008670,2022-08-03,https://www.sec.gov/Archives/edgar/data/8670/0000008670-22-000038.txt
Automatic Data Processing,ADP,0000008670,2023-08-03,https://www.sec.gov/Archives/edgar/data/8670/0000008670-23-000030.txt
Automatic Data Processing,ADP,0000008670,2024-08-07,https://www.sec.gov/Archives/edgar/data/8670/0000008670-24-000024.txt
Automatic Data Processing,ADP,0000008670,2025-08-06,https://www.sec.gov/Archives/edgar/data/8670/0000008670-25-000037.txt
American Electric Power,AEP,0000004904,2022-02-24,https://www.sec.gov/Archives/edgar/data/4904/0000004904-22-000024.txt
American Electric Power,AEP,0000004904,2023-02-23,https://www.sec.gov/Archives/edgar/data/4904/0000004904-23-000011.txt
American Electric Power,AEP,0000004904,2024-02-26,https://www.sec.gov/Archives/edgar/data/4904/0000004904-24-000020.txt
American Electric Power,AEP,0000004904,2025-02-13,https://www.sec.gov/Archives/edgar/data/4904/0000004904-25-000027.txt
AES,AES,0000874761,2022-02-28,https://www.sec.gov/Archives/edgar/data/874761/0000874761-22-000022.txt
AES,AES,0000874761,2023-03-01,https://www.sec.gov/Archives/edgar/data/874761/0000874761-23-000010.txt
AES,AES,0000874761,2024-02-26,https://www.sec.gov/Archives/edgar/data/874761/0000874761-24-000011.txt
AES,AES,0000874761,2025-03-11,https://www.sec.gov/Archives/edgar/data/874761/0000874761-25-000013.txt
American Financial Group,AFG,0001042046,2022-02-25,https://www.sec.gov/Archives/edgar/data/1042046/0001042046-22-000010.txt
American Financial Group,AFG,0001042046,2023-02-24,https://www.sec.gov/Archives/edgar/data/1042046/0001042046-23-000009.txt
American Financial Group,AFG,0001042046,2024-02-23,https://www.sec.gov/Archives/edgar/data/1042046/0001042046-24-000009.txt
American Financial Group,AFG,0001042046,2025-02-25,https://www.sec.gov/Archives/edgar/data/1042046/0001042046-25-000011.txt
Aflac,AFL,0000004977,2022-02-23,https://www.sec.gov/Archives/edgar/data/4977/0000004977-22-000058.txt
Aflac,AFL,0000004977,2023-02-24,https://www.sec.gov/Archives/edgar/data/4977/0000004977-23-000055.txt
Aflac,AFL,0000004977,2024-02-22,https://www.sec.gov/Archives/edgar/data/4977/0000004977-24-000053.txt
Aflac,AFL,0000004977,2025-02-26,https://www.sec.gov/Archives/edgar/data/4977/0000004977-25-000047.txt
AGCO,AGCO,0000880266,2022-02-25,https://www.sec.gov/Archives/edgar/data/880266/0000880266-22-000006.txt
AGCO,AGCO,0000880266,2023-03-01,https://www.sec.gov/Archives/edgar/data/880266/0000880266-23-000010.txt
AGCO,AGCO,0000880266,2024-02-27,https://www.sec.gov/Archives/edgar/data/880266/0000880266-24-000013.txt
AGCO,AGCO,0000880266,2025-02-24,https://www.sec.gov/Archives/edgar/data/880266/0000880266-25-000011.txt
American International Group,AIG,0000005272,2022-02-17,https://www.sec.gov/Archives/edgar/data/5272/0001104659-22-024701.txt
American International Group,AIG,0000005272,2023-02-17,https://www.sec.gov/Archives/edgar/data/5272/0000005272-23-000007.txt
American International Group,AIG,0000005272,2024-02-14,https://www.sec.gov/Archives/edgar/data/5272/0000005272-24-000023.txt
American International Group,AIG,0000005272,2025-02-13,https://www.sec.gov/Archives/edgar/data/5272/0000005272-25-000012.txt
Assurant,AIZ,0001267238,2022-02-22,https://www.sec.gov/Archives/edgar/data/1267238/0001267238-22-000006.txt
Assurant,AIZ,0001267238,2023-02-17,https://www.sec.gov/Archives/edgar/data/1267238/0001267238-23-000007.txt
Assurant,AIZ,0001267238,2024-02-15,https://www.sec.gov/Archives/edgar/data/1267238/0001267238-24-000008.txt
Assurant,AIZ,0001267238,2025-02-20,https://www.sec.gov/Archives/edgar/data/1267238/0001267238-25-000008.txt
Arthur J. Gallagher,AJG,0000354190,2022-02-18,https://www.sec.gov/Archives/edgar/data/354190/0001564590-22-005714.txt
Arthur J. Gallagher,AJG,0000354190,2023-02-10,https://www.sec.gov/Archives/edgar/data/354190/0000950170-23-002456.txt
Arthur J. Gallagher,AJG,0000354190,2024-02-09,https://www.sec.gov/Archives/edgar/data/354190/0000950170-24-013370.txt
Arthur J. Gallagher,AJG,0000354190,2025-02-18,https://www.sec.gov/Archives/edgar/data/354190/0000950170-25-021775.txt
Alaska Air Group,ALK,0000766421,2022-02-11,https://www.sec.gov/Archives/edgar/data/766421/0000766421-22-000009.txt
Alaska Air Group,ALK,0000766421,2023-02-13,https://www.sec.gov/Archives/edgar/data/766421/0000766421-23-000009.txt
Alaska Air Group,ALK,0000766421,2024-02-14,https://www.sec.gov/Archives/edgar/data/766421/0000766421-24-000012.txt
Alaska Air Group,ALK,0000766421,2025-02-14,https://www.sec.gov/Archives/edgar/data/766421/0000766421-25-000009.txt
Allstate,ALL,0000899051,2022-02-18,https://www.sec.gov/Archives/edgar/data/899051/0000899051-22-000015.txt
Allstate,ALL,0000899051,2023-02-16,https://www.sec.gov/Archives/edgar/data/899051/0000899051-23-000020.txt
Allstate,ALL,0000899051,2024-02-21,https://www.sec.gov/Archives/edgar/data/899051/0000899051-24-000013.txt
Allstate,ALL,0000899051,2025-02-24,https://www.sec.gov/Archives/edgar/data/899051/0000899051-25-000015.txt
Ally Financial,ALLY,0000040729,2022-02-25,https://www.sec.gov/Archives/edgar/data/40729/0000040729-22-000007.txt
Ally Financial,ALLY,0000040729,2023-02-24,https://www.sec.gov/Archives/edgar/data/40729/0000040729-23-000005.txt
Ally Financial,ALLY,0000040729,2024-02-20,https://www.sec.gov/Archives/edgar/data/40729/0000040729-24-000004.txt
Ally Financial,ALLY,0000040729,2025-02-19,https://www.sec.gov/Archives/edgar/data/40729/0000040729-25-000006.txt
Autoliv,ALV,0001034670,2022-02-22,https://www.sec.gov/Archives/edgar/data/1034670/0000950170-22-001528.txt
Autoliv,ALV,0001034670,2023-02-16,https://www.sec.gov/Archives/edgar/data/1034670/0000950170-23-002977.txt
Autoliv,ALV,0001034670,2024-02-20,https://www.sec.gov/Archives/edgar/data/1034670/0000950170-24-016787.txt
Autoliv,ALV,0001034670,2025-02-20,https://www.sec.gov/Archives/edgar/data/1034670/0000950170-25-023852.txt
Applied Materials,AMAT,0000006951,2022-12-16,https://www.sec.gov/Archives/edgar/data/6951/0000006951-22-000043.txt
Applied Materials,AMAT,0000006951,2023-12-15,https://www.sec.gov/Archives/edgar/data/6951/0000006951-23-000041.txt
Applied Materials,AMAT,0000006951,2024-12-13,https://www.sec.gov/Archives/edgar/data/6951/0000006951-24-000044.txt
Applied Materials,AMAT,0000006951,2025-12-12,https://www.sec.gov/Archives/edgar/data/6951/0001628280-25-056742.txt
Advanced Micro Devices,AMD,0000002488,2022-02-03,https://www.sec.gov/Archives/edgar/data/2488/0000002488-22-000016.txt
Advanced Micro Devices,AMD,0000002488,2023-02-27,https://www.sec.gov/Archives/edgar/data/2488/0000002488-23-000047.txt
Advanced Micro Devices,AMD,0000002488,2024-01-31,https://www.sec.gov/Archives/edgar/data/2488/0000002488-24-000012.txt
Advanced Micro Devices,AMD,0000002488,2025-02-05,https://www.sec.gov/Archives/edgar/data/2488/0000002488-25-000012.txt
Amgen,AMGN,0000318154,2022-02-16,https://www.sec.gov/Archives/edgar/data/318154/0000318154-22-000010.txt
Amgen,AMGN,0000318154,2023-02-09,https://www.sec.gov/Archives/edgar/data/318154/0000318154-23-000017.txt
Amgen,AMGN,0000318154,2024-02-14,https://www.sec.gov/Archives/edgar/data/318154/0000318154-24-000011.txt
Amgen,AMGN,0000318154,2025-02-14,https://www.sec.gov/Archives/edgar/data/318154/0000318154-25-000010.txt
Ameriprise Financial,AMP,0000820027,2022-02-25,https://www.sec.gov/Archives/edgar/data/820027/0000820027-22-000016.txt
Ameriprise Financial,AMP,0000820027,2023-02-23,https://www.sec.gov/Archives/edgar/data/820027/0000820027-23-000014.txt
Ameriprise Financial,AMP,0000820027,2024-02-22,https://www.sec.gov/Archives/edgar/data/820027/0000820027-24-000015.txt
Ameriprise Financial,AMP,0000820027,2025-02-20,https://www.sec.gov/Archives/edgar/data/820027/0000820027-25-000013.txt
A-Mark Precious Metals,AMRK,0001591588,2022-09-02,https://www.sec.gov/Archives/edgar/data/1591588/0000950170-22-018068.txt
A-Mark Precious Metals,AMRK,0001591588,2023-09-12,https://www.sec.gov/Archives/edgar/data/1591588/0000950170-23-047575.txt
A-Mark Precious Metals,AMRK,0001591588,2024-09-13,https://www.sec.gov/Archives/edgar/data/1591588/0000950170-24-106317.txt
A-Mark Precious Metals,AMRK,0001591588,2025-09-11,https://www.sec.gov/Archives/edgar/data/1591588/0001193125-25-200462.txt
American Tower,AMT,0001053507,2022-02-25,https://www.sec.gov/Archives/edgar/data/1053507/0001053507-22-000017.txt
American Tower,AMT,0001053507,2023-02-23,https://www.sec.gov/Archives/edgar/data/1053507/0001053507-23-000023.txt
American Tower,AMT,0001053507,2024-02-27,https://www.sec.gov/Archives/edgar/data/1053507/0001053507-24-000011.txt
American Tower,AMT,0001053507,2025-02-25,https://www.sec.gov/Archives/edgar/data/1053507/0001053507-25-000025.txt
Amazon.com,AMZN,0001018724,2022-02-04,https://www.sec.gov/Archives/edgar/data/1018724/0001018724-22-000005.txt
Amazon.com,AMZN,0001018724,2023-02-03,https://www.sec.gov/Archives/edgar/data/1018724/0001018724-23-000004.txt
Amazon.com,AMZN,0001018724,2024-02-02,https://www.sec.gov/Archives/edgar/data/1018724/0001018724-24-000008.txt
Amazon.com,AMZN,0001018724,2025-02-07,https://www.sec.gov/Archives/edgar/data/1018724/0001018724-25-000004.txt
AutoNation,AN,0000350698,2022-02-17,https://www.sec.gov/Archives/edgar/data/350698/0000350698-22-000025.txt
AutoNation,AN,0000350698,2023-02-17,https://www.sec.gov/Archives/edgar/data/350698/0000350698-23-000026.txt
AutoNation,AN,0000350698,2024-02-16,https://www.sec.gov/Archives/edgar/data/350698/0000350698-24-000021.txt
AutoNation,AN,0000350698,2025-02-14,https://www.sec.gov/Archives/edgar/data/350698/0000350698-25-000029.txt
Andersons,ANDE,0000821026,2022-02-24,https://www.sec.gov/Archives/edgar/data/821026/0000821026-22-000050.txt
Andersons,ANDE,0000821026,2023-02-23,https://www.sec.gov/Archives/edgar/data/821026/0000821026-23-000068.txt
Andersons,ANDE,0000821026,2024-02-21,https://www.sec.gov/Archives/edgar/data/821026/0000821026-24-000071.txt
Andersons,ANDE,0000821026,2025-02-19,https://www.sec.gov/Archives/edgar/data/821026/0000821026-25-000050.txt
APA,APA,0001841666,2022-02-22,https://www.sec.gov/Archives/edgar/data/1841666/0001784031-22-000009.txt
APA,APA,0001841666,2023-02-23,https://www.sec.gov/Archives/edgar/data/1841666/0001784031-23-000007.txt
APA,APA,0001841666,2024-02-22,https://www.sec.gov/Archives/edgar/data/1841666/0001784031-24-000003.txt
APA,APA,0001841666,2025-02-28,https://www.sec.gov/Archives/edgar/data/1841666/0002040266-25-000007.txt
Air Products & Chemicals,APD,0000002969,2022-11-22,https://www.sec.gov/Archives/edgar/data/2969/0000002969-22-000054.txt
Air Products & Chemicals,APD,0000002969,2023-11-16,https://www.sec.gov/Archives/edgar/data/2969/0000002969-23-000047.txt
Air Products & Chemicals,APD,0000002969,2024-11-21,https://www.sec.gov/Archives/edgar/data/2969/0000002969-24-000056.txt
Air Products & Chemicals,APD,0000002969,2025-11-20,https://www.sec.gov/Archives/edgar/data/2969/0000002969-25-000055.txt
Amphenol,APH,0000820313,2022-02-09,https://www.sec.gov/Archives/edgar/data/820313/0001558370-22-000961.txt
Amphenol,APH,0000820313,2023-02-08,https://www.sec.gov/Archives/edgar/data/820313/0001558370-23-001036.txt
Amphenol,APH,0000820313,2024-02-07,https://www.sec.gov/Archives/edgar/data/820313/0001558370-24-000866.txt
Amphenol,APH,0000820313,2025-02-07,https://www.sec.gov/Archives/edgar/data/820313/0001558370-25-000714.txt
Apollo Global Management,APO,0001858681,2023-03-01,https://www.sec.gov/Archives/edgar/data/1858681/0001858681-23-000007.txt
Apollo Global Management,APO,0001858681,2024-02-27,https://www.sec.gov/Archives/edgar/data/1858681/0001858681-24-000031.txt
Apollo Global Management,APO,0001858681,2025-02-24,https://www.sec.gov/Archives/edgar/data/1858681/0001858681-25-000034.txt
ARKO,ARKO,0001823794,2022-02-25,https://www.sec.gov/Archives/edgar/data/1823794/0000950170-22-002099.txt
ARKO,ARKO,0001823794,2023-02-28,https://www.sec.gov/Archives/edgar/data/1823794/0000950170-23-004783.txt
ARKO,ARKO,0001823794,2024-02-27,https://www.sec.gov/Archives/edgar/data/1823794/0000950170-24-021416.txt
ARKO,ARKO,0001823794,2025-02-26,https://www.sec.gov/Archives/edgar/data/1823794/0000950170-25-027737.txt
Aramark,ARMK,0001584509,2022-11-22,https://www.sec.gov/Archives/edgar/data/1584509/0001584509-22-000236.txt
Aramark,ARMK,0001584509,2023-11-21,https://www.sec.gov/Archives/edgar/data/1584509/0001584509-23-000237.txt
Aramark,ARMK,0001584509,2024-11-19,https://www.sec.gov/Archives/edgar/data/1584509/0001584509-24-000212.txt
Aramark,ARMK,0001584509,2025-11-25,https://www.sec.gov/Archives/edgar/data/1584509/0001584509-25-000219.txt
Arrow Electronics,ARW,0000007536,2022-02-11,https://www.sec.gov/Archives/edgar/data/7536/0001859644-22-000008.txt
Arrow Electronics,ARW,0000007536,2023-02-09,https://www.sec.gov/Archives/edgar/data/7536/0001859644-23-000005.txt
Arrow Electronics,ARW,0000007536,2024-02-13,https://www.sec.gov/Archives/edgar/data/7536/0001558370-24-001018.txt
Arrow Electronics,ARW,0000007536,2025-02-11,https://www.sec.gov/Archives/edgar/data/7536/0001558370-25-000781.txt
Altice USA,ATUS,0001702780,2022-02-16,https://www.sec.gov/Archives/edgar/data/1702780/0001628280-22-002873.txt
Altice USA,ATUS,0001702780,2023-02-23,https://www.sec.gov/Archives/edgar/data/1702780/0001628280-23-004614.txt
Altice USA,ATUS,0001702780,2024-02-15,https://www.sec.gov/Archives/edgar/data/1702780/0001628280-24-004863.txt
Altice USA,ATUS,0001702780,2025-02-13,https://www.sec.gov/Archives/edgar/data/1702780/0001628280-25-005486.txt
Broadcom,AVGO,0001730168,2022-12-16,https://www.sec.gov/Archives/edgar/data/1730168/0001730168-22-000118.txt
Broadcom,AVGO,0001730168,2023-12-14,https://www.sec.gov/Archives/edgar/data/1730168/0001730168-23-000096.txt
Broadcom,AVGO,0001730168,2024-12-20,https://www.sec.gov/Archives/edgar/data/1730168/0001730168-24-000139.txt
Broadcom,AVGO,0001730168,2025-12-18,https://www.sec.gov/Archives/edgar/data/1730168/0001730168-25-000121.txt
Avnet,AVT,0000008858,2022-08-12,https://www.sec.gov/Archives/edgar/data/8858/0000008858-22-000031.txt
Avnet,AVT,0000008858,2023-08-18,https://www.sec.gov/Archives/edgar/data/8858/0000008858-23-000029.txt
Avnet,AVT,0000008858,2024-08-14,https://www.sec.gov/Archives/edgar/data/8858/0000008858-24-000030.txt
Avnet,AVT,0000008858,2025-08-15,https://www.sec.gov/Archives/edgar/data/8858/0000008858-25-000028.txt
Avery Dennison,AVY,0000008818,2022-02-23,https://www.sec.gov/Archives/edgar/data/8818/0001193125-22-049910.txt
Avery Dennison,AVY,0000008818,2023-02-22,https://www.sec.gov/Archives/edgar/data/8818/0000008818-23-000002.txt
Avery Dennison,AVY,0000008818,2024-02-21,https://www.sec.gov/Archives/edgar/data/8818/0000008818-24-000003.txt
Avery Dennison,AVY,0000008818,2025-02-26,https://www.sec.gov/Archives/edgar/data/8818/0000008818-25-000003.txt
American Express,AXP,0000004962,2022-02-11,https://www.sec.gov/Archives/edgar/data/4962/0000004962-22-000008.txt
American Express,AXP,0000004962,2023-02-10,https://www.sec.gov/Archives/edgar/data/4962/0000004962-23-000006.txt
American Express,AXP,0000004962,2024-02-09,https://www.sec.gov/Archives/edgar/data/4962/0000004962-24-000013.txt
American Express,AXP,0000004962,2025-02-07,https://www.sec.gov/Archives/edgar/data/4962/0000004962-25-000016.txt
AutoZone,AZO,0000866787,2022-10-24,https://www.sec.gov/Archives/edgar/data/866787/0001558370-22-015239.txt
AutoZone,AZO,0000866787,2023-10-24,https://www.sec.gov/Archives/edgar/data/866787/0001558370-23-016668.txt
AutoZone,AZO,0000866787,2024-10-28,https://www.sec.gov/Archives/edgar/data/866787/0001558370-24-013758.txt
AutoZone,AZO,0000866787,2025-10-27,https://www.sec.gov/Archives/edgar/data/866787/0001104659-25-102611.txt
Boeing,BA,0000012927,2022-01-31,https://www.sec.gov/Archives/edgar/data/12927/0000012927-22-000010.txt
Boeing,BA,0000012927,2023-01-27,https://www.sec.gov/Archives/edgar/data/12927/0000012927-23-000007.txt
Boeing,BA,0000012927,2024-01-31,https://www.sec.gov/Archives/edgar/data/12927/0000012927-24-000010.txt
Boeing,BA,0000012927,2025-02-03,https://www.sec.gov/Archives/edgar/data/12927/0000012927-25-000015.txt
Bank of America,BAC,0000070858,2022-02-22,https://www.sec.gov/Archives/edgar/data/70858/0000070858-22-000062.txt
Bank of America,BAC,0000070858,2023-02-22,https://www.sec.gov/Archives/edgar/data/70858/0000070858-23-000092.txt
Bank of America,BAC,0000070858,2024-02-20,https://www.sec.gov/Archives/edgar/data/70858/0000070858-24-000122.txt
Bank of America,BAC,0000070858,2025-02-25,https://www.sec.gov/Archives/edgar/data/70858/0000070858-25-000139.txt
Booz Allen Hamilton Holding,BAH,0001443646,2022-05-20,https://www.sec.gov/Archives/edgar/data/1443646/0001443646-22-000058.txt
Booz Allen Hamilton Holding,BAH,0001443646,2023-05-26,https://www.sec.gov/Archives/edgar/data/1443646/0001443646-23-000089.txt
Booz Allen Hamilton Holding,BAH,0001443646,2024-05-24,https://www.sec.gov/Archives/edgar/data/1443646/0001443646-24-000075.txt
Booz Allen Hamilton Holding,BAH,0001443646,2025-05-23,https://www.sec.gov/Archives/edgar/data/1443646/0001443646-25-000076.txt
Ball,BALL,0000009389,2022-02-16,https://www.sec.gov/Archives/edgar/data/9389/0001558370-22-001251.txt
Ball,BALL,0000009389,2023-02-21,https://www.sec.gov/Archives/edgar/data/9389/0000009389-23-000011.txt
Ball,BALL,0000009389,2024-02-20,https://www.sec.gov/Archives/edgar/data/9389/0001558370-24-001349.txt
Ball,BALL,0000009389,2025-02-20,https://www.sec.gov/Archives/edgar/data/9389/0001558370-25-001190.txt
Baxter International,BAX,0000010456,2022-02-23,https://www.sec.gov/Archives/edgar/data/10456/0001628280-22-003432.txt
Baxter International,BAX,0000010456,2023-02-09,https://www.sec.gov/Archives/edgar/data/10456/0001628280-23-002864.txt
Baxter International,BAX,0000010456,2024-02-08,https://www.sec.gov/Archives/edgar/data/10456/0001628280-24-003932.txt
Baxter International,BAX,0000010456,2025-02-21,https://www.sec.gov/Archives/edgar/data/10456/0001628280-25-007201.txt
Best Buy,BBY,0000764478,2022-03-18,https://www.sec.gov/Archives/edgar/data/764478/0000764478-22-000008.txt
Best Buy,BBY,0000764478,2023-03-17,https://www.sec.gov/Archives/edgar/data/764478/0000764478-23-000006.txt
Best Buy,BBY,0000764478,2024-03-15,https://www.sec.gov/Archives/edgar/data/764478/0000764478-24-000010.txt
Best Buy,BBY,0000764478,2025-03-19,https://www.sec.gov/Archives/edgar/data/764478/0000764478-25-000007.txt
Becton Dickinson,BDX,0000010795,2022-11-22,https://www.sec.gov/Archives/edgar/data/10795/0001628280-22-030686.txt
Becton Dickinson,BDX,0000010795,2023-11-21,https://www.sec.gov/Archives/edgar/data/10795/0000010795-23-000098.txt
Becton Dickinson,BDX,0000010795,2024-11-27,https://www.sec.gov/Archives/edgar/data/10795/0000010795-24-000084.txt
Becton Dickinson,BDX,0000010795,2025-11-25,https://www.sec.gov/Archives/edgar/data/10795/0000010795-25-000099.txt
Franklin Resources,BEN,0000038777,2022-11-14,https://www.sec.gov/Archives/edgar/data/38777/0000038777-22-000198.txt
Franklin Resources,BEN,0000038777,2023-11-14,https://www.sec.gov/Archives/edgar/data/38777/0000038777-23-000169.txt
Franklin Resources,BEN,0000038777,2024-11-12,https://www.sec.gov/Archives/edgar/data/38777/0000038777-24-000206.txt
Franklin Resources,BEN,0000038777,2025-11-10,https://www.sec.gov/Archives/edgar/data/38777/0000038777-25-000238.txt
Biogen,BIIB,0000875045,2022-02-03,https://www.sec.gov/Archives/edgar/data/875045/0000875045-22-000007.txt
Biogen,BIIB,0000875045,2023-02-15,https://www.sec.gov/Archives/edgar/data/875045/0000875045-23-000009.txt
Biogen,BIIB,0000875045,2024-02-14,https://www.sec.gov/Archives/edgar/data/875045/0000875045-24-000009.txt
Biogen,BIIB,0000875045,2025-02-12,https://www.sec.gov/Archives/edgar/data/875045/0000875045-25-000009.txt
BJ's Wholesale Club,BJ,0001531152,2022-03-17,https://www.sec.gov/Archives/edgar/data/1531152/0001531152-22-000007.txt
BJ's Wholesale Club,BJ,0001531152,2023-03-16,https://www.sec.gov/Archives/edgar/data/1531152/0001531152-23-000026.txt
BJ's Wholesale Club,BJ,0001531152,2024-03-18,https://www.sec.gov/Archives/edgar/data/1531152/0001531152-24-000026.txt
BJ's Wholesale Club,BJ,0001531152,2025-03-14,https://www.sec.gov/Archives/edgar/data/1531152/0001531152-25-000013.txt
Bank of New York (BNY),BK,0001390777,2022-02-25,https://www.sec.gov/Archives/edgar/data/1390777/0001390777-22-000043.txt
Bank of New York (BNY),BK,0001390777,2023-02-27,https://www.sec.gov/Archives/edgar/data/1390777/0001390777-23-000033.txt
Bank of New York (BNY),BK,0001390777,2024-02-28,https://www.sec.gov/Archives/edgar/data/1390777/0001390777-24-000051.txt
Bank of New York (BNY),BK,0001390777,2025-02-27,https://www.sec.gov/Archives/edgar/data/1390777/0001390777-25-000046.txt
Booking Holdings,BKNG,0001075531,2022-02-23,https://www.sec.gov/Archives/edgar/data/1075531/0001075531-22-000008.txt
Booking Holdings,BKNG,0001075531,2023-02-23,https://www.sec.gov/Archives/edgar/data/1075531/0001075531-23-000016.txt
Booking Holdings,BKNG,0001075531,2024-02-22,https://www.sec.gov/Archives/edgar/data/1075531/0001075531-24-000014.txt
Booking Holdings,BKNG,0001075531,2025-02-20,https://www.sec.gov/Archives/edgar/data/1075531/0001075531-25-000010.txt
Baker Hughes,BKR,0001701605,2022-02-11,https://www.sec.gov/Archives/edgar/data/1701605/0001701605-22-000050.txt
Baker Hughes,BKR,0001701605,2023-02-14,https://www.sec.gov/Archives/edgar/data/1701605/0001701605-23-000044.txt
Baker Hughes,BKR,0001701605,2024-02-05,https://www.sec.gov/Archives/edgar/data/1701605/0001701605-24-000033.txt
Baker Hughes,BKR,0001701605,2025-02-04,https://www.sec.gov/Archives/edgar/data/1701605/0001701605-25-000035.txt
Builders FirstSource,BLDR,0001316835,2022-03-01,https://www.sec.gov/Archives/edgar/data/1316835/0001564590-22-007980.txt
Builders FirstSource,BLDR,0001316835,2023-02-28,https://www.sec.gov/Archives/edgar/data/1316835/0000950170-23-004939.txt
Builders FirstSource,BLDR,0001316835,2024-02-22,https://www.sec.gov/Archives/edgar/data/1316835/0000950170-24-018584.txt
Builders FirstSource,BLDR,0001316835,2025-02-20,https://www.sec.gov/Archives/edgar/data/1316835/0000950170-25-023953.txt
BlackRock,BLK,0002012383,2025-02-25,https://www.sec.gov/Archives/edgar/data/2012383/0000950170-25-026584.txt
Bristol-Myers Squibb,BMY,0000014272,2022-02-09,https://www.sec.gov/Archives/edgar/data/14272/0000014272-22-000051.txt
Bristol-Myers Squibb,BMY,0000014272,2023-02-14,https://www.sec.gov/Archives/edgar/data/14272/0000014272-23-000046.txt
Bristol-Myers Squibb,BMY,0000014272,2024-02-13,https://www.sec.gov/Archives/edgar/data/14272/0000014272-24-000044.txt
Bristol-Myers Squibb,BMY,0000014272,2025-02-12,https://www.sec.gov/Archives/edgar/data/14272/0000014272-25-000039.txt
Berkshire Hathaway,BRKA,0001067983,2022-02-28,https://www.sec.gov/Archives/edgar/data/1067983/0001564590-22-007322.txt
Berkshire Hathaway,BRKA,0001067983,2023-02-27,https://www.sec.gov/Archives/edgar/data/1067983/0000950170-23-004451.txt
Berkshire Hathaway,BRKA,0001067983,2024-02-26,https://www.sec.gov/Archives/edgar/data/1067983/0000950170-24-019719.txt
Berkshire Hathaway,BRKA,0001067983,2025-02-24,https://www.sec.gov/Archives/edgar/data/1067983/0000950170-25-025210.txt
Boston Scientific,BSX,0000885725,2022-02-23,https://www.sec.gov/Archives/edgar/data/885725/0000885725-22-000006.txt
Boston Scientific,BSX,0000885725,2023-02-23,https://www.sec.gov/Archives/edgar/data/885725/0000885725-23-000008.txt
Boston Scientific,BSX,0000885725,2024-02-20,https://www.sec.gov/Archives/edgar/data/885725/0000885725-24-000017.txt
Boston Scientific,BSX,0000885725,2025-02-18,https://www.sec.gov/Archives/edgar/data/885725/0000885725-25-000011.txt
BrightSpring Health Services,BTSG,0001865782,2024-03-06,https://www.sec.gov/Archives/edgar/data/1865782/0000950170-24-027316.txt
BrightSpring Health Services,BTSG,0001865782,2025-03-06,https://www.sec.gov/Archives/edgar/data/1865782/0000950170-25-034196.txt
Burlington Stores,BURL,0001579298,2022-03-16,https://www.sec.gov/Archives/edgar/data/1579298/0000950170-22-003963.txt
Burlington Stores,BURL,0001579298,2023-03-13,https://www.sec.gov/Archives/edgar/data/1579298/0000950170-23-007586.txt
Burlington Stores,BURL,0001579298,2024-03-15,https://www.sec.gov/Archives/edgar/data/1579298/0000950170-24-032207.txt
Burlington Stores,BURL,0001579298,2025-03-17,https://www.sec.gov/Archives/edgar/data/1579298/0000950170-25-040472.txt
BorgWarner,BWA,0000908255,2022-02-15,https://www.sec.gov/Archives/edgar/data/908255/0000908255-22-000009.txt
BorgWarner,BWA,0000908255,2023-02-09,https://www.sec.gov/Archives/edgar/data/908255/0000908255-23-000013.txt
BorgWarner,BWA,0000908255,2024-02-08,https://www.sec.gov/Archives/edgar/data/908255/0000908255-24-000007.txt
BorgWarner,BWA,0000908255,2025-02-06,https://www.sec.gov/Archives/edgar/data/908255/0000908255-25-000007.txt
Blackstone,BX,0001393818,2022-02-25,https://www.sec.gov/Archives/edgar/data/1393818/0001193125-22-054433.txt
Blackstone,BX,0001393818,2023-02-24,https://www.sec.gov/Archives/edgar/data/1393818/0001193125-23-048733.txt
Blackstone,BX,0001393818,2024-02-23,https://www.sec.gov/Archives/edgar/data/1393818/0001193125-24-044485.txt
Blackstone,BX,0001393818,2025-02-28,https://www.sec.gov/Archives/edgar/data/1393818/0001193125-25-042469.txt
Citigroup,C,0000831001,2022-02-28,https://www.sec.gov/Archives/edgar/data/831001/0000831001-22-000036.txt
Citigroup,C,0000831001,2023-02-27,https://www.sec.gov/Archives/edgar/data/831001/0000831001-23-000037.txt
Citigroup,C,0000831001,2024-02-23,https://www.sec.gov/Archives/edgar/data/831001/0000831001-24-000033.txt
Citigroup,C,0000831001,2025-02-21,https://www.sec.gov/Archives/edgar/data/831001/0000831001-25-000067.txt
CACI International,CACI,0000016058,2022-08-11,https://www.sec.gov/Archives/edgar/data/16058/0001564590-22-029077.txt
CACI International,CACI,0000016058,2023-08-10,https://www.sec.gov/Archives/edgar/data/16058/0000016058-23-000086.txt
CACI International,CACI,0000016058,2024-08-08,https://www.sec.gov/Archives/edgar/data/16058/0000016058-24-000132.txt
CACI International,CACI,0000016058,2025-08-07,https://www.sec.gov/Archives/edgar/data/16058/0001628280-25-038739.txt
Conagra Brands,CAG,0000023217,2022-07-21,https://www.sec.gov/Archives/edgar/data/23217/0001437749-22-017530.txt
Conagra Brands,CAG,0000023217,2023-07-13,https://www.sec.gov/Archives/edgar/data/23217/0001437749-23-019879.txt
Conagra Brands,CAG,0000023217,2024-07-11,https://www.sec.gov/Archives/edgar/data/23217/0001558370-24-009764.txt
Conagra Brands,CAG,0000023217,2025-07-10,https://www.sec.gov/Archives/edgar/data/23217/0001558370-25-009180.txt
Cardinal Health,CAH,0000721371,2022-08-11,https://www.sec.gov/Archives/edgar/data/721371/0000721371-22-000058.txt
Cardinal Health,CAH,0000721371,2023-08-15,https://www.sec.gov/Archives/edgar/data/721371/0000721371-23-000060.txt
Cardinal Health,CAH,0000721371,2024-08-14,https://www.sec.gov/Archives/edgar/data/721371/0000721371-24-000056.txt
Cardinal Health,CAH,0000721371,2025-08-12,https://www.sec.gov/Archives/edgar/data/721371/0000721371-25-000079.txt
Avis Budget Group,CAR,0000723612,2022-02-17,https://www.sec.gov/Archives/edgar/data/723612/0000723612-22-000006.txt
Avis Budget Group,CAR,0000723612,2023-02-16,https://www.sec.gov/Archives/edgar/data/723612/0000723612-23-000015.txt
Avis Budget Group,CAR,0000723612,2024-02-16,https://www.sec.gov/Archives/edgar/data/723612/0000723612-24-000007.txt
Avis Budget Group,CAR,0000723612,2025-02-14,https://www.sec.gov/Archives/edgar/data/723612/0000723612-25-000005.txt
Carrier Global,CARR,0001783180,2022-02-08,https://www.sec.gov/Archives/edgar/data/1783180/0001783180-22-000010.txt
Carrier Global,CARR,0001783180,2023-02-07,https://www.sec.gov/Archives/edgar/data/1783180/0001783180-23-000012.txt
Carrier Global,CARR,0001783180,2024-02-06,https://www.sec.gov/Archives/edgar/data/1783180/0001783180-24-000009.txt
Carrier Global,CARR,0001783180,2025-02-11,https://www.sec.gov/Archives/edgar/data/1783180/0001783180-25-000008.txt
Casey's General Stores,CASY,0000726958,2022-06-24,https://www.sec.gov/Archives/edgar/data/726958/0000726958-22-000065.txt
Casey's General Stores,CASY,0000726958,2023-06-23,https://www.sec.gov/Archives/edgar/data/726958/0000726958-23-000059.txt
Casey's General Stores,CASY,0000726958,2024-06-24,https://www.sec.gov/Archives/edgar/data/726958/0000726958-24-000046.txt
Casey's General Stores,CASY,0000726958,2025-06-23,https://www.sec.gov/Archives/edgar/data/726958/0000726958-25-000065.txt
Caterpillar,CAT,0000018230,2022-02-16,https://www.sec.gov/Archives/edgar/data/18230/0000018230-22-000050.txt
Caterpillar,CAT,0000018230,2023-02-15,https://www.sec.gov/Archives/edgar/data/18230/0000018230-23-000011.txt
Caterpillar,CAT,0000018230,2024-02-16,https://www.sec.gov/Archives/edgar/data/18230/0000018230-24-000009.txt
Caterpillar,CAT,0000018230,2025-02-14,https://www.sec.gov/Archives/edgar/data/18230/0000018230-25-000008.txt
CBRE Group,CBRE,0001138118,2022-03-01,https://www.sec.gov/Archives/edgar/data/1138118/0001138118-22-000010.txt
CBRE Group,CBRE,0001138118,2023-02-27,https://www.sec.gov/Archives/edgar/data/1138118/0001138118-23-000009.txt
CBRE Group,CBRE,0001138118,2024-02-20,https://www.sec.gov/Archives/edgar/data/1138118/0001138118-24-000006.txt
CBRE Group,CBRE,0001138118,2025-02-14,https://www.sec.gov/Archives/edgar/data/1138118/0001138118-25-000005.txt
Crown Holdings,CCK,0001219601,2022-02-28,https://www.sec.gov/Archives/edgar/data/1219601/0001219601-22-000011.txt
Crown Holdings,CCK,0001219601,2023-02-27,https://www.sec.gov/Archives/edgar/data/1219601/0001219601-23-000008.txt
Crown Holdings,CCK,0001219601,2024-02-27,https://www.sec.gov/Archives/edgar/data/1219601/0001219601-24-000009.txt
Crown Holdings,CCK,0001219601,2025-03-03,https://www.sec.gov/Archives/edgar/data/1219601/0001219601-25-000009.txt
CDW,CDW,0001402057,2022-02-28,https://www.sec.gov/Archives/edgar/data/1402057/0001402057-22-000020.txt
CDW,CDW,0001402057,2023-02-24,https://www.sec.gov/Archives/edgar/data/1402057/0001402057-23-000052.txt
CDW,CDW,0001402057,2024-02-26,https://www.sec.gov/Archives/edgar/data/1402057/0001402057-24-000015.txt
CDW,CDW,0001402057,2025-02-21,https://www.sec.gov/Archives/edgar/data/1402057/0001402057-25-000018.txt
Celanese,CE,0001306830,2022-02-10,https://www.sec.gov/Archives/edgar/data/1306830/0001306830-22-000017.txt
Celanese,CE,0001306830,2023-02-24,https://www.sec.gov/Archives/edgar/data/1306830/0001306830-23-000023.txt
Celanese,CE,0001306830,2024-02-23,https://www.sec.gov/Archives/edgar/data/1306830/0001306830-24-000029.txt
Celanese,CE,0001306830,2025-02-21,https://www.sec.gov/Archives/edgar/data/1306830/0001306830-25-000027.txt
Constellation Energy,CEG,0001868275,2022-02-25,https://www.sec.gov/Archives/edgar/data/1868275/0001868275-22-000020.txt
Constellation Energy,CEG,0001868275,2023-02-16,https://www.sec.gov/Archives/edgar/data/1868275/0001868275-23-000014.txt
Constellation Energy,CEG,0001868275,2024-02-27,https://www.sec.gov/Archives/edgar/data/1868275/0001868275-24-000014.txt
Constellation Energy,CEG,0001868275,2025-02-18,https://www.sec.gov/Archives/edgar/data/1868275/0001868275-25-000023.txt
Citizens Financial Group,CFG,0000759944,2022-02-23,https://www.sec.gov/Archives/edgar/data/759944/0000759944-22-000025.txt
Citizens Financial Group,CFG,0000759944,2023-02-17,https://www.sec.gov/Archives/edgar/data/759944/0000759944-23-000029.txt
Citizens Financial Group,CFG,0000759944,2024-02-16,https://www.sec.gov/Archives/edgar/data/759944/0000759944-24-000039.txt
Citizens Financial Group,CFG,0000759944,2025-02-13,https://www.sec.gov/Archives/edgar/data/759944/0000759944-25-000013.txt
C.H. Robinson Worldwide,CHRW,0001043277,2022-02-23,https://www.sec.gov/Archives/edgar/data/1043277/0001043277-22-000006.txt
C.H. Robinson Worldwide,CHRW,0001043277,2023-02-17,https://www.sec.gov/Archives/edgar/data/1043277/0001043277-23-000005.txt
C.H. Robinson Worldwide,CHRW,0001043277,2024-02-16,https://www.sec.gov/Archives/edgar/data/1043277/0001043277-24-000011.txt
C.H. Robinson Worldwide,CHRW,0001043277,2025-02-14,https://www.sec.gov/Archives/edgar/data/1043277/0001043277-25-000012.txt
Charter Communications,CHTR,0001091667,2022-01-28,https://www.sec.gov/Archives/edgar/data/1091667/0001091667-22-000024.txt
Charter Communications,CHTR,0001091667,2023-01-27,https://www.sec.gov/Archives/edgar/data/1091667/0001091667-23-000024.txt
Charter Communications,CHTR,0001091667,2024-02-02,https://www.sec.gov/Archives/edgar/data/1091667/0001091667-24-000028.txt
Charter Communications,CHTR,0001091667,2025-01-31,https://www.sec.gov/Archives/edgar/data/1091667/0001091667-25-000034.txt
Chewy,CHWY,0001766502,2022-03-29,https://www.sec.gov/Archives/edgar/data/1766502/0001766502-22-000008.txt
Chewy,CHWY,0001766502,2023-03-22,https://www.sec.gov/Archives/edgar/data/1766502/0001766502-23-000011.txt
Chewy,CHWY,0001766502,2024-03-20,https://www.sec.gov/Archives/edgar/data/1766502/0001766502-24-000014.txt
Chewy,CHWY,0001766502,2025-03-26,https://www.sec.gov/Archives/edgar/data/1766502/0001766502-25-000014.txt
Cigna Group,CI,0001739940,2022-02-24,https://www.sec.gov/Archives/edgar/data/1739940/0001739940-22-000007.txt
Cigna Group,CI,0001739940,2023-02-23,https://www.sec.gov/Archives/edgar/data/1739940/0001739940-23-000008.txt
Cigna Group,CI,0001739940,2024-02-29,https://www.sec.gov/Archives/edgar/data/1739940/0001739940-24-000005.txt
Cigna Group,CI,0001739940,2025-02-27,https://www.sec.gov/Archives/edgar/data/1739940/0001739940-25-000009.txt
Cincinnati Financial,CINF,0000020286,2022-02-24,https://www.sec.gov/Archives/edgar/data/20286/0000020286-22-000012.txt
Cincinnati Financial,CINF,0000020286,2023-02-23,https://www.sec.gov/Archives/edgar/data/20286/0000020286-23-000008.txt
Cincinnati Financial,CINF,0000020286,2024-02-26,https://www.sec.gov/Archives/edgar/data/20286/0000020286-24-000014.txt
Cincinnati Financial,CINF,0000020286,2025-02-24,https://www.sec.gov/Archives/edgar/data/20286/0000020286-25-000009.txt
Colgate-Palmolive,CL,0000021665,2022-02-17,https://www.sec.gov/Archives/edgar/data/21665/0000021665-22-000003.txt
Colgate-Palmolive,CL,0000021665,2023-02-16,https://www.sec.gov/Archives/edgar/data/21665/0000021665-23-000007.txt
Colgate-Palmolive,CL,0000021665,2024-02-15,https://www.sec.gov/Archives/edgar/data/21665/0000021665-24-000003.txt
Colgate-Palmolive,CL,0000021665,2025-02-13,https://www.sec.gov/Archives/edgar/data/21665/0000021665-25-000008.txt
Cleveland-Cliffs,CLF,0000764065,2022-02-11,https://www.sec.gov/Archives/edgar/data/764065/0000764065-22-000037.txt
Cleveland-Cliffs,CLF,0000764065,2023-02-14,https://www.sec.gov/Archives/edgar/data/764065/0000764065-23-000032.txt
Cleveland-Cliffs,CLF,0000764065,2024-02-08,https://www.sec.gov/Archives/edgar/data/764065/0000764065-24-000038.txt
Cleveland-Cliffs,CLF,0000764065,2025-02-25,https://www.sec.gov/Archives/edgar/data/764065/0000764065-25-000058.txt
Commercial Metals,CMC,0000022444,2022-10-13,https://www.sec.gov/Archives/edgar/data/22444/0000022444-22-000140.txt
Commercial Metals,CMC,0000022444,2023-10-12,https://www.sec.gov/Archives/edgar/data/22444/0000022444-23-000126.txt
Commercial Metals,CMC,0000022444,2024-10-17,https://www.sec.gov/Archives/edgar/data/22444/0000022444-24-000140.txt
Commercial Metals,CMC,0000022444,2025-10-16,https://www.sec.gov/Archives/edgar/data/22444/0000022444-25-000138.txt
Comcast,CMCSA,0001166691,2022-02-02,https://www.sec.gov/Archives/edgar/data/1166691/0001166691-22-000009.txt
Comcast,CMCSA,0001166691,2023-02-03,https://www.sec.gov/Archives/edgar/data/1166691/0001166691-23-000010.txt
Comcast,CMCSA,0001166691,2024-01-31,https://www.sec.gov/Archives/edgar/data/1166691/0001166691-24-000011.txt
Comcast,CMCSA,0001166691,2025-01-31,https://www.sec.gov/Archives/edgar/data/1166691/0001166691-25-000011.txt
Chipotle Mexican Grill,CMG,0001058090,2022-02-11,https://www.sec.gov/Archives/edgar/data/1058090/0001058090-22-000011.txt
Chipotle Mexican Grill,CMG,0001058090,2023-02-09,https://www.sec.gov/Archives/edgar/data/1058090/0001058090-23-000010.txt
Chipotle Mexican Grill,CMG,0001058090,2024-02-08,https://www.sec.gov/Archives/edgar/data/1058090/0001562762-24-000023.txt
Chipotle Mexican Grill,CMG,0001058090,2025-02-05,https://www.sec.gov/Archives/edgar/data/1058090/0001058090-25-000014.txt
Cummins,CMI,0000026172,2022-02-08,https://www.sec.gov/Archives/edgar/data/26172/0000026172-22-000008.txt
Cummins,CMI,0000026172,2023-02-14,https://www.sec.gov/Archives/edgar/data/26172/0000026172-23-000005.txt
Cummins,CMI,0000026172,2024-02-12,https://www.sec.gov/Archives/edgar/data/26172/0000026172-24-000012.txt
Cummins,CMI,0000026172,2025-02-11,https://www.sec.gov/Archives/edgar/data/26172/0000026172-25-000007.txt
CMS Energy,CMS,0000811156,2022-02-10,https://www.sec.gov/Archives/edgar/data/811156/0000811156-22-000048.txt
CMS Energy,CMS,0000811156,2023-02-09,https://www.sec.gov/Archives/edgar/data/811156/0000811156-23-000014.txt
CMS Energy,CMS,0000811156,2024-02-08,https://www.sec.gov/Archives/edgar/data/811156/0000811156-24-000044.txt
CMS Energy,CMS,0000811156,2025-02-11,https://www.sec.gov/Archives/edgar/data/811156/0000811156-25-000036.txt
Centene,CNC,0001071739,2022-02-22,https://www.sec.gov/Archives/edgar/data/1071739/0001071739-22-000071.txt
Centene,CNC,0001071739,2023-02-21,https://www.sec.gov/Archives/edgar/data/1071739/0001071739-23-000047.txt
Centene,CNC,0001071739,2024-02-20,https://www.sec.gov/Archives/edgar/data/1071739/0001071739-24-000037.txt
Centene,CNC,0001071739,2025-02-18,https://www.sec.gov/Archives/edgar/data/1071739/0001071739-25-000027.txt
Core & Main,CNM,0001856525,2022-03-30,https://www.sec.gov/Archives/edgar/data/1856525/0001856525-22-000013.txt
Core & Main,CNM,0001856525,2023-03-28,https://www.sec.gov/Archives/edgar/data/1856525/0001856525-23-000011.txt
Core & Main,CNM,0001856525,2024-03-19,https://www.sec.gov/Archives/edgar/data/1856525/0001856525-24-000036.txt
Core & Main,CNM,0001856525,2025-03-25,https://www.sec.gov/Archives/edgar/data/1856525/0001856525-25-000081.txt
CenterPoint Energy,CNP,0001130310,2022-02-22,https://www.sec.gov/Archives/edgar/data/1130310/0001130310-22-000023.txt
CenterPoint Energy,CNP,0001130310,2023-02-17,https://www.sec.gov/Archives/edgar/data/1130310/0001130310-23-000013.txt
CenterPoint Energy,CNP,0001130310,2024-02-20,https://www.sec.gov/Archives/edgar/data/1130310/0001130310-24-000010.txt
CenterPoint Energy,CNP,0001130310,2025-02-20,https://www.sec.gov/Archives/edgar/data/1130310/0001130310-25-000040.txt
Concentrix,CNXC,0001803599,2022-01-28,https://www.sec.gov/Archives/edgar/data/1803599/0001803599-22-000025.txt
Concentrix,CNXC,0001803599,2023-01-27,https://www.sec.gov/Archives/edgar/data/1803599/0001803599-23-000016.txt
Concentrix,CNXC,0001803599,2024-01-29,https://www.sec.gov/Archives/edgar/data/1803599/0001803599-24-000011.txt
Concentrix,CNXC,0001803599,2025-01-28,https://www.sec.gov/Archives/edgar/data/1803599/0001803599-25-000022.txt
Capital One Financial,COF,0000927628,2022-02-25,https://www.sec.gov/Archives/edgar/data/927628/0000927628-22-000106.txt
Capital One Financial,COF,0000927628,2023-02-24,https://www.sec.gov/Archives/edgar/data/927628/0000927628-23-000117.txt
Capital One Financial,COF,0000927628,2024-02-23,https://www.sec.gov/Archives/edgar/data/927628/0000927628-24-000094.txt
Capital One Financial,COF,0000927628,2025-02-20,https://www.sec.gov/Archives/edgar/data/927628/0000927628-25-000092.txt
ConocoPhillips,COP,0001163165,2022-02-17,https://www.sec.gov/Archives/edgar/data/1163165/0001562762-22-000031.txt
ConocoPhillips,COP,0001163165,2023-02-16,https://www.sec.gov/Archives/edgar/data/1163165/0001163165-23-000006.txt
ConocoPhillips,COP,0001163165,2024-02-15,https://www.sec.gov/Archives/edgar/data/1163165/0001163165-24-000010.txt
ConocoPhillips,COP,0001163165,2025-02-18,https://www.sec.gov/Archives/edgar/data/1163165/0001163165-25-000012.txt
Cencora,COR,0001140859,2022-11-22,https://www.sec.gov/Archives/edgar/data/1140859/0001140859-22-000098.txt
Cencora,COR,0001140859,2023-11-21,https://www.sec.gov/Archives/edgar/data/1140859/0001140859-23-000197.txt
Cencora,COR,0001140859,2024-11-26,https://www.sec.gov/Archives/edgar/data/1140859/0001140859-24-000177.txt
Cencora,COR,0001140859,2025-11-25,https://www.sec.gov/Archives/edgar/data/1140859/0001140859-25-000131.txt
Costco Wholesale,COST,0000909832,2022-10-05,https://www.sec.gov/Archives/edgar/data/909832/0000909832-22-000021.txt
Costco Wholesale,COST,0000909832,2023-10-11,https://www.sec.gov/Archives/edgar/data/909832/0000909832-23-000042.txt
Costco Wholesale,COST,0000909832,2024-10-09,https://www.sec.gov/Archives/edgar/data/909832/0000909832-24-000049.txt
Costco Wholesale,COST,0000909832,2025-10-08,https://www.sec.gov/Archives/edgar/data/909832/0000909832-25-000101.txt
Campbell's,CPB,0000016732,2022-09-22,https://www.sec.gov/Archives/edgar/data/16732/0000016732-22-000093.txt
Campbell's,CPB,0000016732,2023-09-21,https://www.sec.gov/Archives/edgar/data/16732/0000016732-23-000109.txt
Campbell's,CPB,0000016732,2024-09-19,https://www.sec.gov/Archives/edgar/data/16732/0000016732-24-000130.txt
Campbell's,CPB,0000016732,2025-09-18,https://www.sec.gov/Archives/edgar/data/16732/0000016732-25-000112.txt
Coupang,CPNG,0001834584,2022-03-03,https://www.sec.gov/Archives/edgar/data/1834584/0001834584-22-000015.txt
Coupang,CPNG,0001834584,2023-03-01,https://www.sec.gov/Archives/edgar/data/1834584/0001834584-23-000023.txt
Coupang,CPNG,0001834584,2024-02-28,https://www.sec.gov/Archives/edgar/data/1834584/0001834584-24-000023.txt
Coupang,CPNG,0001834584,2025-02-25,https://www.sec.gov/Archives/edgar/data/1834584/0001834584-25-000030.txt
Corebridge Financial,CRBG,0001889539,2023-02-24,https://www.sec.gov/Archives/edgar/data/1889539/0001889539-23-000003.txt
Corebridge Financial,CRBG,0001889539,2024-02-15,https://www.sec.gov/Archives/edgar/data/1889539/0001889539-24-000006.txt
Corebridge Financial,CRBG,0001889539,2025-02-13,https://www.sec.gov/Archives/edgar/data/1889539/0001889539-25-000014.txt
Salesforce,CRM,0001108524,2022-03-11,https://www.sec.gov/Archives/edgar/data/1108524/0001108524-22-000013.txt
Salesforce,CRM,0001108524,2023-03-08,https://www.sec.gov/Archives/edgar/data/1108524/0001108524-23-000011.txt
Salesforce,CRM,0001108524,2024-03-06,https://www.sec.gov/Archives/edgar/data/1108524/0001108524-24-000005.txt
Salesforce,CRM,0001108524,2025-03-05,https://www.sec.gov/Archives/edgar/data/1108524/0001108524-25-000006.txt
Cisco Systems,CSCO,0000858877,2022-09-08,https://www.sec.gov/Archives/edgar/data/858877/0000858877-22-000013.txt
Cisco Systems,CSCO,0000858877,2023-09-07,https://www.sec.gov/Archives/edgar/data/858877/0000858877-23-000023.txt
Cisco Systems,CSCO,0000858877,2024-09-05,https://www.sec.gov/Archives/edgar/data/858877/0000858877-24-000017.txt
Cisco Systems,CSCO,0000858877,2025-09-03,https://www.sec.gov/Archives/edgar/data/858877/0000858877-25-000111.txt
CSX,CSX,0000277948,2022-02-16,https://www.sec.gov/Archives/edgar/data/277948/0000277948-22-000009.txt
CSX,CSX,0000277948,2023-02-15,https://www.sec.gov/Archives/edgar/data/277948/0000277948-23-000006.txt
CSX,CSX,0000277948,2024-02-14,https://www.sec.gov/Archives/edgar/data/277948/0000277948-24-000010.txt
CSX,CSX,0000277948,2025-02-27,https://www.sec.gov/Archives/edgar/data/277948/0000277948-25-000008.txt
Cintas,CTAS,0000723254,2022-07-27,https://www.sec.gov/Archives/edgar/data/723254/0000723254-22-000019.txt
Cintas,CTAS,0000723254,2023-07-27,https://www.sec.gov/Archives/edgar/data/723254/0000723254-23-000025.txt
Cintas,CTAS,0000723254,2024-07-25,https://www.sec.gov/Archives/edgar/data/723254/0000723254-24-000036.txt
Cintas,CTAS,0000723254,2025-07-28,https://www.sec.gov/Archives/edgar/data/723254/0000723254-25-000017.txt
Cognizant Technology Solutions,CTSH,0001058290,2022-02-16,https://www.sec.gov/Archives/edgar/data/1058290/0001058290-22-000023.txt
Cognizant Technology Solutions,CTSH,0001058290,2023-02-15,https://www.sec.gov/Archives/edgar/data/1058290/0001058290-23-000027.txt
Cognizant Technology Solutions,CTSH,0001058290,2024-02-14,https://www.sec.gov/Archives/edgar/data/1058290/0001058290-24-000017.txt
Cognizant Technology Solutions,CTSH,0001058290,2025-02-12,https://www.sec.gov/Archives/edgar/data/1058290/0001058290-25-000017.txt
Corteva,CTVA,0001755672,2022-02-10,https://www.sec.gov/Archives/edgar/data/1755672/0001755672-22-000005.txt
Corteva,CTVA,0001755672,2023-02-09,https://www.sec.gov/Archives/edgar/data/1755672/0001755672-23-000005.txt
Corteva,CTVA,0001755672,2024-02-08,https://www.sec.gov/Archives/edgar/data/1755672/0001755672-24-000004.txt
Corteva,CTVA,0001755672,2025-02-14,https://www.sec.gov/Archives/edgar/data/1755672/0001755672-25-000005.txt
Carvana,CVNA,0001690820,2022-02-24,https://www.sec.gov/Archives/edgar/data/1690820/0001690820-22-000080.txt
Carvana,CVNA,0001690820,2023-02-23,https://www.sec.gov/Archives/edgar/data/1690820/0001690820-23-000052.txt
Carvana,CVNA,0001690820,2024-02-22,https://www.sec.gov/Archives/edgar/data/1690820/0001690820-24-000093.txt
Carvana,CVNA,0001690820,2025-02-19,https://www.sec.gov/Archives/edgar/data/1690820/0001690820-25-000074.txt
CVS Health,CVS,0000064803,2022-02-09,https://www.sec.gov/Archives/edgar/data/64803/0000064803-22-000008.txt
CVS Health,CVS,0000064803,2023-02-08,https://www.sec.gov/Archives/edgar/data/64803/0000064803-23-000009.txt
CVS Health,CVS,0000064803,2024-02-07,https://www.sec.gov/Archives/edgar/data/64803/0000064803-24-000007.txt
CVS Health,CVS,0000064803,2025-02-12,https://www.sec.gov/Archives/edgar/data/64803/0000064803-25-000007.txt
Chevron,CVX,0000093410,2022-02-24,https://www.sec.gov/Archives/edgar/data/93410/0000093410-22-000019.txt
Chevron,CVX,0000093410,2023-02-23,https://www.sec.gov/Archives/edgar/data/93410/0000093410-23-000009.txt
Chevron,CVX,0000093410,2024-02-26,https://www.sec.gov/Archives/edgar/data/93410/0000093410-24-000013.txt
Chevron,CVX,0000093410,2025-02-21,https://www.sec.gov/Archives/edgar/data/93410/0000093410-25-000009.txt
Community Health Systems,CYH,0001108109,2022-02-17,https://www.sec.gov/Archives/edgar/data/1108109/0001564590-22-005570.txt
Community Health Systems,CYH,0001108109,2023-02-17,https://www.sec.gov/Archives/edgar/data/1108109/0001564590-23-002038.txt
Community Health Systems,CYH,0001108109,2024-02-21,https://www.sec.gov/Archives/edgar/data/1108109/0000950170-24-018021.txt
Community Health Systems,CYH,0001108109,2025-02-19,https://www.sec.gov/Archives/edgar/data/1108109/0000950170-25-023242.txt
Caesars Entertainment,CZR,0001590895,2022-02-24,https://www.sec.gov/Archives/edgar/data/1590895/0001590895-22-000061.txt
Caesars Entertainment,CZR,0001590895,2023-02-22,https://www.sec.gov/Archives/edgar/data/1590895/0001590895-23-000070.txt
Caesars Entertainment,CZR,0001590895,2024-02-20,https://www.sec.gov/Archives/edgar/data/1590895/0001590895-24-000051.txt
Caesars Entertainment,CZR,0001590895,2025-02-25,https://www.sec.gov/Archives/edgar/data/1590895/0001590895-25-000068.txt
Dominion Energy,D,0000715957,2022-02-24,https://www.sec.gov/Archives/edgar/data/715957/0001564590-22-006589.txt
Dominion Energy,D,0000715957,2023-02-21,https://www.sec.gov/Archives/edgar/data/715957/0000950170-23-003287.txt
Dominion Energy,D,0000715957,2024-02-23,https://www.sec.gov/Archives/edgar/data/715957/0000950170-24-019110.txt
Dominion Energy,D,0000715957,2025-02-27,https://www.sec.gov/Archives/edgar/data/715957/0000950170-25-028387.txt
Delta Air Lines,DAL,0000027904,2022-02-11,https://www.sec.gov/Archives/edgar/data/27904/0000027904-22-000003.txt
Delta Air Lines,DAL,0000027904,2023-02-10,https://www.sec.gov/Archives/edgar/data/27904/0000027904-23-000003.txt
Delta Air Lines,DAL,0000027904,2024-02-12,https://www.sec.gov/Archives/edgar/data/27904/0000027904-24-000003.txt
Delta Air Lines,DAL,0000027904,2025-02-11,https://www.sec.gov/Archives/edgar/data/27904/0000027904-25-000004.txt
Dana,DAN,0000026780,2022-02-23,https://www.sec.gov/Archives/edgar/data/26780/0001437749-22-004203.txt
Dana,DAN,0000026780,2023-02-21,https://www.sec.gov/Archives/edgar/data/26780/0001437749-23-003931.txt
Dana,DAN,0000026780,2024-02-20,https://www.sec.gov/Archives/edgar/data/26780/0001437749-24-004751.txt
Dana,DAN,0000026780,2025-02-20,https://www.sec.gov/Archives/edgar/data/26780/0001437749-25-004554.txt
DoorDash,DASH,0001792789,2022-03-01,https://www.sec.gov/Archives/edgar/data/1792789/0001628280-22-004350.txt
DoorDash,DASH,0001792789,2023-02-27,https://www.sec.gov/Archives/edgar/data/1792789/0001628280-23-005131.txt
DoorDash,DASH,0001792789,2024-02-20,https://www.sec.gov/Archives/edgar/data/1792789/0001628280-24-005600.txt
DoorDash,DASH,0001792789,2025-02-14,https://www.sec.gov/Archives/edgar/data/1792789/0001628280-25-005715.txt
DuPont,DD,0001666700,2022-02-11,https://www.sec.gov/Archives/edgar/data/1666700/0001666700-22-000009.txt
DuPont,DD,0001666700,2023-02-15,https://www.sec.gov/Archives/edgar/data/1666700/0001666700-23-000008.txt
DuPont,DD,0001666700,2024-02-15,https://www.sec.gov/Archives/edgar/data/1666700/0001666700-24-000008.txt
DuPont,DD,0001666700,2025-02-14,https://www.sec.gov/Archives/edgar/data/1666700/0001666700-25-000005.txt
Deere,DE,0000315189,2022-12-15,https://www.sec.gov/Archives/edgar/data/315189/0001558370-22-018703.txt
Deere,DE,0000315189,2023-12-15,https://www.sec.gov/Archives/edgar/data/315189/0001558370-23-019812.txt
Deere,DE,0000315189,2024-12-12,https://www.sec.gov/Archives/edgar/data/315189/0001558370-24-016169.txt
Deere,DE,0000315189,2025-12-18,https://www.sec.gov/Archives/edgar/data/315189/0001104659-25-122321.txt
Dell Technologies,DELL,0001571996,2022-03-24,https://www.sec.gov/Archives/edgar/data/1571996/0001571996-22-000009.txt
Dell Technologies,DELL,0001571996,2023-03-30,https://www.sec.gov/Archives/edgar/data/1571996/0001571996-23-000007.txt
Dell Technologies,DELL,0001571996,2024-03-25,https://www.sec.gov/Archives/edgar/data/1571996/0001571996-24-000036.txt
Dell Technologies,DELL,0001571996,2025-03-25,https://www.sec.gov/Archives/edgar/data/1571996/0001571996-25-000034.txt
Dollar General,DG,0000029534,2022-03-18,https://www.sec.gov/Archives/edgar/data/29534/0001558370-22-003921.txt
Dollar General,DG,0000029534,2023-03-24,https://www.sec.gov/Archives/edgar/data/29534/0001558370-23-004574.txt
Dollar General,DG,0000029534,2024-03-25,https://www.sec.gov/Archives/edgar/data/29534/0001558370-24-003813.txt
Dollar General,DG,0000029534,2025-03-21,https://www.sec.gov/Archives/edgar/data/29534/0001558370-25-003413.txt
Quest Diagnostics,DGX,0001022079,2022-02-28,https://www.sec.gov/Archives/edgar/data/1022079/0001022079-22-000027.txt
Quest Diagnostics,DGX,0001022079,2023-02-21,https://www.sec.gov/Archives/edgar/data/1022079/0001022079-23-000018.txt
Quest Diagnostics,DGX,0001022079,2024-02-22,https://www.sec.gov/Archives/edgar/data/1022079/0001022079-24-000041.txt
Quest Diagnostics,DGX,0001022079,2025-02-20,https://www.sec.gov/Archives/edgar/data/1022079/0001022079-25-000044.txt
D.R. Horton,DHI,0000882184,2022-11-18,https://www.sec.gov/Archives/edgar/data/882184/0000882184-22-000184.txt
D.R. Horton,DHI,0000882184,2023-11-17,https://www.sec.gov/Archives/edgar/data/882184/0000882184-23-000115.txt
D.R. Horton,DHI,0000882184,2024-11-19,https://www.sec.gov/Archives/edgar/data/882184/0000882184-24-000057.txt
D.R. Horton,DHI,0000882184,2025-11-19,https://www.sec.gov/Archives/edgar/data/882184/0000882184-25-000081.txt
Danaher,DHR,0000313616,2022-02-23,https://www.sec.gov/Archives/edgar/data/313616/0000313616-22-000061.txt
Danaher,DHR,0000313616,2023-02-22,https://www.sec.gov/Archives/edgar/data/313616/0000313616-23-000087.txt
Danaher,DHR,0000313616,2024-02-21,https://www.sec.gov/Archives/edgar/data/313616/0000313616-24-000052.txt
Danaher,DHR,0000313616,2025-02-20,https://www.sec.gov/Archives/edgar/data/313616/0000313616-25-000043.txt
HF Sinclair,DINO,0001915657,2023-02-28,https://www.sec.gov/Archives/edgar/data/1915657/0001915657-23-000015.txt
HF Sinclair,DINO,0001915657,2024-02-21,https://www.sec.gov/Archives/edgar/data/1915657/0001915657-24-000040.txt
HF Sinclair,DINO,0001915657,2025-02-20,https://www.sec.gov/Archives/edgar/data/1915657/0001915657-25-000019.txt
Walt Disney,DIS,0001744489,2022-11-29,https://www.sec.gov/Archives/edgar/data/1744489/0001744489-22-000213.txt
Walt Disney,DIS,0001744489,2023-11-21,https://www.sec.gov/Archives/edgar/data/1744489/0001744489-23-000216.txt
Walt Disney,DIS,0001744489,2024-11-14,https://www.sec.gov/Archives/edgar/data/1744489/0001744489-24-000276.txt
Walt Disney,DIS,0001744489,2025-11-13,https://www.sec.gov/Archives/edgar/data/1744489/0001744489-25-000155.txt
Delek US Holdings,DK,0001694426,2022-02-25,https://www.sec.gov/Archives/edgar/data/1694426/0001694426-22-000048.txt
Delek US Holdings,DK,0001694426,2023-03-01,https://www.sec.gov/Archives/edgar/data/1694426/0001694426-23-000007.txt
Delek US Holdings,DK,0001694426,2024-02-28,https://www.sec.gov/Archives/edgar/data/1694426/0001694426-24-000028.txt
Delek US Holdings,DK,0001694426,2025-02-26,https://www.sec.gov/Archives/edgar/data/1694426/0001694426-25-000013.txt
Dick's Sporting Goods,DKS,0001089063,2022-03-23,https://www.sec.gov/Archives/edgar/data/1089063/0001089063-22-000031.txt
Dick's Sporting Goods,DKS,0001089063,2023-03-23,https://www.sec.gov/Archives/edgar/data/1089063/0001089063-23-000023.txt
Dick's Sporting Goods,DKS,0001089063,2024-03-28,https://www.sec.gov/Archives/edgar/data/1089063/0001089063-24-000037.txt
Dick's Sporting Goods,DKS,0001089063,2025-03-27,https://www.sec.gov/Archives/edgar/data/1089063/0001089063-25-000012.txt
Dollar Tree,DLTR,0000935703,2022-03-15,https://www.sec.gov/Archives/edgar/data/935703/0000935703-22-000020.txt
Dollar Tree,DLTR,0000935703,2023-03-10,https://www.sec.gov/Archives/edgar/data/935703/0000935703-23-000016.txt
Dollar Tree,DLTR,0000935703,2024-03-20,https://www.sec.gov/Archives/edgar/data/935703/0000935703-24-000011.txt
Dollar Tree,DLTR,0000935703,2025-03-26,https://www.sec.gov/Archives/edgar/data/935703/0000935703-25-000015.txt
Dover,DOV,0000029905,2022-02-11,https://www.sec.gov/Archives/edgar/data/29905/0000029905-22-000009.txt
Dover,DOV,0000029905,2023-02-10,https://www.sec.gov/Archives/edgar/data/29905/0000029905-23-000008.txt
Dover,DOV,0000029905,2024-02-09,https://www.sec.gov/Archives/edgar/data/29905/0000029905-24-000008.txt
Dover,DOV,0000029905,2025-02-14,https://www.sec.gov/Archives/edgar/data/29905/0000029905-25-000006.txt
Dow,DOW,0001751788,2022-02-04,https://www.sec.gov/Archives/edgar/data/1751788/0001751788-22-000011.txt
Dow,DOW,0001751788,2023-02-01,https://www.sec.gov/Archives/edgar/data/1751788/0001751788-23-000014.txt
Dow,DOW,0001751788,2024-01-31,https://www.sec.gov/Archives/edgar/data/1751788/0001751788-24-000010.txt
Dow,DOW,0001751788,2025-02-04,https://www.sec.gov/Archives/edgar/data/1751788/0001751788-25-000012.txt
Darden Restaurants,DRI,0000940944,2022-07-22,https://www.sec.gov/Archives/edgar/data/940944/0000940944-22-000042.txt
Darden Restaurants,DRI,0000940944,2023-07-21,https://www.sec.gov/Archives/edgar/data/940944/0000940944-23-000037.txt
Darden Restaurants,DRI,0000940944,2024-07-19,https://www.sec.gov/Archives/edgar/data/940944/0000940944-24-000035.txt
Darden Restaurants,DRI,0000940944,2025-07-18,https://www.sec.gov/Archives/edgar/data/940944/0000940944-25-000038.txt
DTE Energy,DTE,0000936340,2022-02-10,https://www.sec.gov/Archives/edgar/data/936340/0000936340-22-000077.txt
DTE Energy,DTE,0000936340,2023-02-23,https://www.sec.gov/Archives/edgar/data/936340/0000936340-23-000073.txt
DTE Energy,DTE,0000936340,2024-02-08,https://www.sec.gov/Archives/edgar/data/936340/0000936340-24-000076.txt
DTE Energy,DTE,0000936340,2025-02-13,https://www.sec.gov/Archives/edgar/data/936340/0000936340-25-000065.txt
Duke Energy,DUK,0001326160,2022-02-24,https://www.sec.gov/Archives/edgar/data/1326160/0001326160-22-000072.txt
Duke Energy,DUK,0001326160,2023-02-27,https://www.sec.gov/Archives/edgar/data/1326160/0001326160-23-000073.txt
Duke Energy,DUK,0001326160,2024-02-23,https://www.sec.gov/Archives/edgar/data/1326160/0001326160-24-000037.txt
Duke Energy,DUK,0001326160,2025-02-27,https://www.sec.gov/Archives/edgar/data/1326160/0001326160-25-000072.txt
DaVita,DVA,0000927066,2022-02-11,https://www.sec.gov/Archives/edgar/data/927066/0000927066-22-000012.txt
DaVita,DVA,0000927066,2023-02-22,https://www.sec.gov/Archives/edgar/data/927066/0000927066-23-000011.txt
DaVita,DVA,0000927066,2024-02-14,https://www.sec.gov/Archives/edgar/data/927066/0000927066-24-000013.txt
DaVita,DVA,0000927066,2025-02-13,https://www.sec.gov/Archives/edgar/data/927066/0000927066-25-000012.txt
Devon Energy,DVN,0001090012,2022-02-16,https://www.sec.gov/Archives/edgar/data/1090012/0001564590-22-005321.txt
Devon Energy,DVN,0001090012,2023-02-15,https://www.sec.gov/Archives/edgar/data/1090012/0000950170-23-002852.txt
Devon Energy,DVN,0001090012,2024-02-28,https://www.sec.gov/Archives/edgar/data/1090012/0000950170-24-021781.txt
Devon Energy,DVN,0001090012,2025-02-19,https://www.sec.gov/Archives/edgar/data/1090012/0000950170-25-022844.txt
DXC Technology,DXC,0001688568,2022-05-26,https://www.sec.gov/Archives/edgar/data/1688568/0001688568-22-000027.txt
DXC Technology,DXC,0001688568,2023-05-19,https://www.sec.gov/Archives/edgar/data/1688568/0001688568-23-000030.txt
DXC Technology,DXC,0001688568,2024-05-17,https://www.sec.gov/Archives/edgar/data/1688568/0001688568-24-000032.txt
DXC Technology,DXC,0001688568,2025-05-15,https://www.sec.gov/Archives/edgar/data/1688568/0001688568-25-000029.txt
Electronic Arts,EA,0000712515,2022-05-25,https://www.sec.gov/Archives/edgar/data/712515/0000712515-22-000011.txt
Electronic Arts,EA,0000712515,2023-05-24,https://www.sec.gov/Archives/edgar/data/712515/0000712515-23-000028.txt
Electronic Arts,EA,0000712515,2024-05-22,https://www.sec.gov/Archives/edgar/data/712515/0000712515-24-000023.txt
Electronic Arts,EA,0000712515,2025-05-13,https://www.sec.gov/Archives/edgar/data/712515/0000712515-25-000022.txt
Ebay,EBAY,0001065088,2022-02-24,https://www.sec.gov/Archives/edgar/data/1065088/0001065088-22-000006.txt
Ebay,EBAY,0001065088,2023-02-23,https://www.sec.gov/Archives/edgar/data/1065088/0001065088-23-000006.txt
Ebay,EBAY,0001065088,2024-02-28,https://www.sec.gov/Archives/edgar/data/1065088/0001065088-24-000036.txt
Ebay,EBAY,0001065088,2025-02-27,https://www.sec.gov/Archives/edgar/data/1065088/0001065088-25-000037.txt
Ecolab,ECL,0000031462,2022-02-25,https://www.sec.gov/Archives/edgar/data/31462/0001558370-22-002059.txt
Ecolab,ECL,0000031462,2023-02-24,https://www.sec.gov/Archives/edgar/data/31462/0001558370-23-001969.txt
Ecolab,ECL,0000031462,2024-02-23,https://www.sec.gov/Archives/edgar/data/31462/0001558370-24-001581.txt
Ecolab,ECL,0000031462,2025-02-21,https://www.sec.gov/Archives/edgar/data/31462/0001558370-25-001263.txt
Consolidated Edison,ED,0001047862,2022-02-17,https://www.sec.gov/Archives/edgar/data/1047862/0001047862-22-000039.txt
Consolidated Edison,ED,0001047862,2023-02-16,https://www.sec.gov/Archives/edgar/data/1047862/0001047862-23-000038.txt
Consolidated Edison,ED,0001047862,2024-02-15,https://www.sec.gov/Archives/edgar/data/1047862/0001047862-24-000012.txt
Consolidated Edison,ED,0001047862,2025-02-20,https://www.sec.gov/Archives/edgar/data/1047862/0001047862-25-000011.txt
Edison International,EIX,0000827052,2022-02-24,https://www.sec.gov/Archives/edgar/data/827052/0000827052-22-000006.txt
Edison International,EIX,0000827052,2023-02-23,https://www.sec.gov/Archives/edgar/data/827052/0000827052-23-000010.txt
Edison International,EIX,0000827052,2024-02-22,https://www.sec.gov/Archives/edgar/data/827052/0000827052-24-000013.txt
Edison International,EIX,0000827052,2025-02-27,https://www.sec.gov/Archives/edgar/data/827052/0000827052-25-000022.txt
Estée Lauder,EL,0001001250,2022-08-24,https://www.sec.gov/Archives/edgar/data/1001250/0001001250-22-000122.txt
Estée Lauder,EL,0001001250,2023-08-18,https://www.sec.gov/Archives/edgar/data/1001250/0001001250-23-000112.txt
Estée Lauder,EL,0001001250,2024-08-19,https://www.sec.gov/Archives/edgar/data/1001250/0001001250-24-000116.txt
Estée Lauder,EL,0001001250,2025-08-20,https://www.sec.gov/Archives/edgar/data/1001250/0001001250-25-000099.txt
Elevance Health,ELV,0001156039,2022-02-16,https://www.sec.gov/Archives/edgar/data/1156039/0001156039-22-000009.txt
Elevance Health,ELV,0001156039,2023-02-15,https://www.sec.gov/Archives/edgar/data/1156039/0001156039-23-000007.txt
Elevance Health,ELV,0001156039,2024-02-21,https://www.sec.gov/Archives/edgar/data/1156039/0001156039-24-000015.txt
Elevance Health,ELV,0001156039,2025-02-20,https://www.sec.gov/Archives/edgar/data/1156039/0001156039-25-000010.txt
EMCOR Group,EME,0000105634,2022-02-24,https://www.sec.gov/Archives/edgar/data/105634/0000105634-22-000006.txt
EMCOR Group,EME,0000105634,2023-02-23,https://www.sec.gov/Archives/edgar/data/105634/0000105634-23-000005.txt
EMCOR Group,EME,0000105634,2024-02-28,https://www.sec.gov/Archives/edgar/data/105634/0000105634-24-000006.txt
EMCOR Group,EME,0000105634,2025-02-26,https://www.sec.gov/Archives/edgar/data/105634/0000105634-25-000015.txt
Eastman Chemical,EMN,0000915389,2022-02-25,https://www.sec.gov/Archives/edgar/data/915389/0000915389-22-000010.txt
Eastman Chemical,EMN,0000915389,2023-02-15,https://www.sec.gov/Archives/edgar/data/915389/0000915389-23-000015.txt
Eastman Chemical,EMN,0000915389,2024-02-14,https://www.sec.gov/Archives/edgar/data/915389/0000915389-24-000016.txt
Eastman Chemical,EMN,0000915389,2025-02-14,https://www.sec.gov/Archives/edgar/data/915389/0000915389-25-000012.txt
Emerson Electric,EMR,0000032604,2022-11-14,https://www.sec.gov/Archives/edgar/data/32604/0000032604-22-000041.txt
Emerson Electric,EMR,0000032604,2023-11-13,https://www.sec.gov/Archives/edgar/data/32604/0000032604-23-000044.txt
Emerson Electric,EMR,0000032604,2024-11-12,https://www.sec.gov/Archives/edgar/data/32604/0000032604-24-000041.txt
Emerson Electric,EMR,0000032604,2025-11-10,https://www.sec.gov/Archives/edgar/data/32604/0000032604-25-000087.txt
EOG Resources,EOG,0000821189,2022-02-24,https://www.sec.gov/Archives/edgar/data/821189/0000821189-22-000017.txt
EOG Resources,EOG,0000821189,2023-02-23,https://www.sec.gov/Archives/edgar/data/821189/0000821189-23-000015.txt
EOG Resources,EOG,0000821189,2024-02-22,https://www.sec.gov/Archives/edgar/data/821189/0000821189-24-000011.txt
EOG Resources,EOG,0000821189,2025-02-27,https://www.sec.gov/Archives/edgar/data/821189/0000821189-25-000011.txt
Enterprise Products Partners,EPD,0001061219,2022-02-28,https://www.sec.gov/Archives/edgar/data/1061219/0001061219-22-000008.txt
Enterprise Products Partners,EPD,0001061219,2023-02-28,https://www.sec.gov/Archives/edgar/data/1061219/0001061219-23-000006.txt
Enterprise Products Partners,EPD,0001061219,2024-02-28,https://www.sec.gov/Archives/edgar/data/1061219/0001061219-24-000006.txt
Enterprise Products Partners,EPD,0001061219,2025-02-28,https://www.sec.gov/Archives/edgar/data/1061219/0001061219-25-000006.txt
Equitable Holdings,EQH,0001333986,2022-02-22,https://www.sec.gov/Archives/edgar/data/1333986/0001333986-22-000006.txt
Equitable Holdings,EQH,0001333986,2023-02-21,https://www.sec.gov/Archives/edgar/data/1333986/0001333986-23-000004.txt
Equitable Holdings,EQH,0001333986,2024-02-26,https://www.sec.gov/Archives/edgar/data/1333986/0001333986-24-000009.txt
Equitable Holdings,EQH,0001333986,2025-02-24,https://www.sec.gov/Archives/edgar/data/1333986/0001333986-25-000011.txt
Equinix,EQIX,0001101239,2022-02-18,https://www.sec.gov/Archives/edgar/data/1101239/0001628280-22-003171.txt
Equinix,EQIX,0001101239,2023-02-17,https://www.sec.gov/Archives/edgar/data/1101239/0001628280-23-004039.txt
Equinix,EQIX,0001101239,2024-02-16,https://www.sec.gov/Archives/edgar/data/1101239/0001628280-24-005350.txt
Equinix,EQIX,0001101239,2025-02-12,https://www.sec.gov/Archives/edgar/data/1101239/0001628280-25-005126.txt
Eversource Energy,ES,0000072741,2022-02-17,https://www.sec.gov/Archives/edgar/data/72741/0000072741-22-000015.txt
Eversource Energy,ES,0000072741,2023-02-15,https://www.sec.gov/Archives/edgar/data/72741/0000072741-23-000004.txt
Eversource Energy,ES,0000072741,2024-02-14,https://www.sec.gov/Archives/edgar/data/72741/0000072741-24-000005.txt
Eversource Energy,ES,0000072741,2025-02-14,https://www.sec.gov/Archives/edgar/data/72741/0000072741-25-000007.txt
Energy Transfer,ET,0001276187,2022-02-18,https://www.sec.gov/Archives/edgar/data/1276187/0001276187-22-000020.txt
Energy Transfer,ET,0001276187,2023-02-17,https://www.sec.gov/Archives/edgar/data/1276187/0001276187-23-000014.txt
Energy Transfer,ET,0001276187,2024-02-16,https://www.sec.gov/Archives/edgar/data/1276187/0001276187-24-000024.txt
Energy Transfer,ET,0001276187,2025-02-14,https://www.sec.gov/Archives/edgar/data/1276187/0001276187-25-000018.txt
Entergy,ETR,0000065984,2022-02-25,https://www.sec.gov/Archives/edgar/data/65984/0000065984-22-000017.txt
Entergy,ETR,0000065984,2023-02-24,https://www.sec.gov/Archives/edgar/data/65984/0000065984-23-000014.txt
Entergy,ETR,0000065984,2024-02-23,https://www.sec.gov/Archives/edgar/data/65984/0000065984-24-000012.txt
Entergy,ETR,0000065984,2025-02-18,https://www.sec.gov/Archives/edgar/data/65984/0000065984-25-000012.txt
Exelon,EXC,0001109357,2022-02-25,https://www.sec.gov/Archives/edgar/data/1109357/0001109357-22-000039.txt
Exelon,EXC,0001109357,2023-02-14,https://www.sec.gov/Archives/edgar/data/1109357/0001109357-23-000018.txt
Exelon,EXC,0001109357,2024-02-21,https://www.sec.gov/Archives/edgar/data/1109357/0001109357-24-000053.txt
Exelon,EXC,0001109357,2025-02-12,https://www.sec.gov/Archives/edgar/data/1109357/0001109357-25-000043.txt
Expeditors International of Washington,EXPD,0000746515,2022-03-15,https://www.sec.gov/Archives/edgar/data/746515/0001564590-22-010381.txt
Expeditors International of Washington,EXPD,0000746515,2023-03-01,https://www.sec.gov/Archives/edgar/data/746515/0000950170-23-005412.txt
Expeditors International of Washington,EXPD,0000746515,2024-02-23,https://www.sec.gov/Archives/edgar/data/746515/0000950170-24-019394.txt
Expeditors International of Washington,EXPD,0000746515,2025-02-21,https://www.sec.gov/Archives/edgar/data/746515/0000950170-25-024750.txt
Expedia Group,EXPE,0001324424,2022-02-11,https://www.sec.gov/Archives/edgar/data/1324424/0001324424-22-000009.txt
Expedia Group,EXPE,0001324424,2023-02-10,https://www.sec.gov/Archives/edgar/data/1324424/0001324424-23-000007.txt
Expedia Group,EXPE,0001324424,2024-02-09,https://www.sec.gov/Archives/edgar/data/1324424/0001324424-24-000007.txt
Expedia Group,EXPE,0001324424,2025-02-07,https://www.sec.gov/Archives/edgar/data/1324424/0001324424-25-000008.txt
Ford Motor,F,0000037996,2022-02-04,https://www.sec.gov/Archives/edgar/data/37996/0000037996-22-000013.txt
Ford Motor,F,0000037996,2023-02-03,https://www.sec.gov/Archives/edgar/data/37996/0000037996-23-000012.txt
Ford Motor,F,0000037996,2024-02-07,https://www.sec.gov/Archives/edgar/data/37996/0000037996-24-000009.txt
Ford Motor,F,0000037996,2025-02-06,https://www.sec.gov/Archives/edgar/data/37996/0000037996-25-000013.txt
Diamondback Energy,FANG,0001539838,2022-02-24,https://www.sec.gov/Archives/edgar/data/1539838/0001539838-22-000008.txt
Diamondback Energy,FANG,0001539838,2023-02-23,https://www.sec.gov/Archives/edgar/data/1539838/0001539838-23-000022.txt
Diamondback Energy,FANG,0001539838,2024-02-22,https://www.sec.gov/Archives/edgar/data/1539838/0001539838-24-000019.txt
Diamondback Energy,FANG,0001539838,2025-02-26,https://www.sec.gov/Archives/edgar/data/1539838/0001539838-25-000021.txt
Fastenal,FAST,0000815556,2022-02-07,https://www.sec.gov/Archives/edgar/data/815556/0000815556-22-000009.txt
Fastenal,FAST,0000815556,2023-02-07,https://www.sec.gov/Archives/edgar/data/815556/0000815556-23-000009.txt
Fastenal,FAST,0000815556,2024-02-06,https://www.sec.gov/Archives/edgar/data/815556/0000815556-24-000009.txt
Fastenal,FAST,0000815556,2025-02-06,https://www.sec.gov/Archives/edgar/data/815556/0000815556-25-000065.txt
First Citizens BancShares,FCNCA,0000798941,2022-02-25,https://www.sec.gov/Archives/edgar/data/798941/0000798941-22-000014.txt
First Citizens BancShares,FCNCA,0000798941,2023-02-24,https://www.sec.gov/Archives/edgar/data/798941/0000798941-23-000017.txt
First Citizens BancShares,FCNCA,0000798941,2024-02-23,https://www.sec.gov/Archives/edgar/data/798941/0000798941-24-000018.txt
First Citizens BancShares,FCNCA,0000798941,2025-02-21,https://www.sec.gov/Archives/edgar/data/798941/0000798941-25-000010.txt
Freeport-McMoRan,FCX,0000831259,2022-02-15,https://www.sec.gov/Archives/edgar/data/831259/0000831259-22-000009.txt
Freeport-McMoRan,FCX,0000831259,2023-02-15,https://www.sec.gov/Archives/edgar/data/831259/0000831259-23-000013.txt
Freeport-McMoRan,FCX,0000831259,2024-02-16,https://www.sec.gov/Archives/edgar/data/831259/0000831259-24-000011.txt
Freeport-McMoRan,FCX,0000831259,2025-02-14,https://www.sec.gov/Archives/edgar/data/831259/0000831259-25-000006.txt
FedEx,FDX,0001048911,2022-07-18,https://www.sec.gov/Archives/edgar/data/1048911/0000950170-22-012762.txt
FedEx,FDX,0001048911,2023-07-17,https://www.sec.gov/Archives/edgar/data/1048911/0000950170-23-033201.txt
FedEx,FDX,0001048911,2024-07-15,https://www.sec.gov/Archives/edgar/data/1048911/0000950170-24-083577.txt
FedEx,FDX,0001048911,2025-07-21,https://www.sec.gov/Archives/edgar/data/1048911/0001048911-25-000011.txt
FirstEnergy,FE,0001031296,2022-02-16,https://www.sec.gov/Archives/edgar/data/1031296/0001031296-22-000013.txt
FirstEnergy,FE,0001031296,2023-02-13,https://www.sec.gov/Archives/edgar/data/1031296/0001031296-23-000014.txt
FirstEnergy,FE,0001031296,2024-02-13,https://www.sec.gov/Archives/edgar/data/1031296/0001031296-24-000008.txt
FirstEnergy,FE,0001031296,2025-02-27,https://www.sec.gov/Archives/edgar/data/1031296/0001031296-25-000006.txt
Ferguson Enterprises,FERG,0002011641,2024-09-25,https://www.sec.gov/Archives/edgar/data/2011641/0002011641-24-000005.txt
Ferguson Enterprises,FERG,0002011641,2025-09-26,https://www.sec.gov/Archives/edgar/data/2011641/0002011641-25-000027.txt
Fiserv,FI,0000798354,2022-02-24,https://www.sec.gov/Archives/edgar/data/798354/0000798354-22-000004.txt
Fiserv,FI,0000798354,2023-02-23,https://www.sec.gov/Archives/edgar/data/798354/0000798354-23-000004.txt
Fiserv,FI,0000798354,2024-02-22,https://www.sec.gov/Archives/edgar/data/798354/0000798354-24-000037.txt
Fiserv,FI,0000798354,2025-02-20,https://www.sec.gov/Archives/edgar/data/798354/0000798354-25-000047.txt
Fidelity National Information Services,FIS,0001136893,2022-02-23,https://www.sec.gov/Archives/edgar/data/1136893/0001136893-22-000038.txt
Fidelity National Information Services,FIS,0001136893,2023-02-27,https://www.sec.gov/Archives/edgar/data/1136893/0001136893-23-000028.txt
Fidelity National Information Services,FIS,0001136893,2024-02-26,https://www.sec.gov/Archives/edgar/data/1136893/0001136893-24-000015.txt
Fidelity National Information Services,FIS,0001136893,2025-02-13,https://www.sec.gov/Archives/edgar/data/1136893/0001136893-25-000014.txt
Fifth Third Bancorp,FITB,0000035527,2022-02-25,https://www.sec.gov/Archives/edgar/data/35527/0000035527-22-000119.txt
Fifth Third Bancorp,FITB,0000035527,2023-02-24,https://www.sec.gov/Archives/edgar/data/35527/0000035527-23-000122.txt
Fifth Third Bancorp,FITB,0000035527,2024-02-27,https://www.sec.gov/Archives/edgar/data/35527/0000035527-24-000088.txt
Fifth Third Bancorp,FITB,0000035527,2025-02-24,https://www.sec.gov/Archives/edgar/data/35527/0000035527-25-000079.txt
Foot Locker,FL,0000850209,2022-03-24,https://www.sec.gov/Archives/edgar/data/850209/0000850209-22-000003.txt
Foot Locker,FL,0000850209,2023-03-27,https://www.sec.gov/Archives/edgar/data/850209/0000850209-23-000006.txt
Foot Locker,FL,0000850209,2024-03-28,https://www.sec.gov/Archives/edgar/data/850209/0001437749-24-009866.txt
Foot Locker,FL,0000850209,2025-03-27,https://www.sec.gov/Archives/edgar/data/850209/0001437749-25-009620.txt
Fluor,FLR,0001124198,2022-02-22,https://www.sec.gov/Archives/edgar/data/1124198/0001628280-22-003231.txt
Fluor,FLR,0001124198,2023-02-21,https://www.sec.gov/Archives/edgar/data/1124198/0001628280-23-004139.txt
Fluor,FLR,0001124198,2024-02-20,https://www.sec.gov/Archives/edgar/data/1124198/0001628280-24-005451.txt
Fluor,FLR,0001124198,2025-02-18,https://www.sec.gov/Archives/edgar/data/1124198/0001628280-25-005924.txt
Freddie Mac,FMCC,0001026214,2022-02-10,https://www.sec.gov/Archives/edgar/data/1026214/0001026214-22-000031.txt
Freddie Mac,FMCC,0001026214,2023-02-22,https://www.sec.gov/Archives/edgar/data/1026214/0001026214-23-000037.txt
Freddie Mac,FMCC,0001026214,2024-02-14,https://www.sec.gov/Archives/edgar/data/1026214/0001026214-24-000025.txt
Freddie Mac,FMCC,0001026214,2025-02-13,https://www.sec.gov/Archives/edgar/data/1026214/0001026214-25-000040.txt
Fidelity National Financial,FNF,0001331875,2022-02-25,https://www.sec.gov/Archives/edgar/data/1331875/0001331875-22-000024.txt
Fidelity National Financial,FNF,0001331875,2023-02-27,https://www.sec.gov/Archives/edgar/data/1331875/0001331875-23-000023.txt
Fidelity National Financial,FNF,0001331875,2024-02-29,https://www.sec.gov/Archives/edgar/data/1331875/0001331875-24-000019.txt
Fidelity National Financial,FNF,0001331875,2025-02-28,https://www.sec.gov/Archives/edgar/data/1331875/0001331875-25-000013.txt
Fannie Mae,FNMA,0000310522,2022-02-15,https://www.sec.gov/Archives/edgar/data/310522/0000310522-22-000174.txt
Fannie Mae,FNMA,0000310522,2023-02-14,https://www.sec.gov/Archives/edgar/data/310522/0000310522-23-000184.txt
Fannie Mae,FNMA,0000310522,2024-02-15,https://www.sec.gov/Archives/edgar/data/310522/0000310522-24-000184.txt
Fannie Mae,FNMA,0000310522,2025-02-14,https://www.sec.gov/Archives/edgar/data/310522/0000310522-25-000199.txt
Fox,FOXA,0001754301,2022-08-12,https://www.sec.gov/Archives/edgar/data/1754301/0001628280-22-022584.txt
Fox,FOXA,0001754301,2023-08-11,https://www.sec.gov/Archives/edgar/data/1754301/0001628280-23-029065.txt
Fox,FOXA,0001754301,2024-08-08,https://www.sec.gov/Archives/edgar/data/1754301/0001628280-24-036123.txt
Fox,FOXA,0001754301,2025-08-06,https://www.sec.gov/Archives/edgar/data/1754301/0001628280-25-038077.txt
Gap,GAP,0000039911,2022-03-15,https://www.sec.gov/Archives/edgar/data/39911/0000039911-22-000012.txt
Gap,GAP,0000039911,2023-03-14,https://www.sec.gov/Archives/edgar/data/39911/0000039911-23-000015.txt
Gap,GAP,0000039911,2024-03-19,https://www.sec.gov/Archives/edgar/data/39911/0000039911-24-000066.txt
Gap,GAP,0000039911,2025-03-18,https://www.sec.gov/Archives/edgar/data/39911/0000039911-25-000029.txt
General Dynamics,GD,0000040533,2022-02-09,https://www.sec.gov/Archives/edgar/data/40533/0000040533-22-000007.txt
General Dynamics,GD,0000040533,2023-02-07,https://www.sec.gov/Archives/edgar/data/40533/0000040533-23-000014.txt
General Dynamics,GD,0000040533,2024-02-08,https://www.sec.gov/Archives/edgar/data/40533/0000040533-24-000007.txt
General Dynamics,GD,0000040533,2025-02-07,https://www.sec.gov/Archives/edgar/data/40533/0000040533-25-000008.txt
General Electric (GE Aerospace),GE,0000040545,2022-02-11,https://www.sec.gov/Archives/edgar/data/40545/0000040545-22-000008.txt
General Electric (GE Aerospace),GE,0000040545,2023-02-10,https://www.sec.gov/Archives/edgar/data/40545/0000040545-23-000023.txt
General Electric (GE Aerospace),GE,0000040545,2024-02-02,https://www.sec.gov/Archives/edgar/data/40545/0000040545-24-000027.txt
General Electric (GE Aerospace),GE,0000040545,2025-02-03,https://www.sec.gov/Archives/edgar/data/40545/0000040545-25-000015.txt
GE HealthCare Technologies,GEHC,0001932393,2023-02-15,https://www.sec.gov/Archives/edgar/data/1932393/0001932393-23-000025.txt
GE HealthCare Technologies,GEHC,0001932393,2024-02-06,https://www.sec.gov/Archives/edgar/data/1932393/0001932393-24-000013.txt
GE HealthCare Technologies,GEHC,0001932393,2025-02-13,https://www.sec.gov/Archives/edgar/data/1932393/0001932393-25-000005.txt
GE Vernova,GEV,0001996810,2025-02-06,https://www.sec.gov/Archives/edgar/data/1996810/0001996810-25-000011.txt
Gilead Sciences,GILD,0000882095,2022-02-23,https://www.sec.gov/Archives/edgar/data/882095/0000882095-22-000007.txt
Gilead Sciences,GILD,0000882095,2023-02-22,https://www.sec.gov/Archives/edgar/data/882095/0000882095-23-000007.txt
Gilead Sciences,GILD,0000882095,2024-02-23,https://www.sec.gov/Archives/edgar/data/882095/0000882095-24-000007.txt
Gilead Sciences,GILD,0000882095,2025-02-28,https://www.sec.gov/Archives/edgar/data/882095/0000882095-25-000006.txt
General Mills,GIS,0000040704,2022-06-30,https://www.sec.gov/Archives/edgar/data/40704/0001193125-22-185257.txt
General Mills,GIS,0000040704,2023-06-28,https://www.sec.gov/Archives/edgar/data/40704/0001193125-23-177500.txt
General Mills,GIS,0000040704,2024-06-26,https://www.sec.gov/Archives/edgar/data/40704/0001193125-24-168943.txt
General Mills,GIS,0000040704,2025-06-26,https://www.sec.gov/Archives/edgar/data/40704/0001193125-25-147079.txt
Global Partners,GLP,0001323468,2022-02-28,https://www.sec.gov/Archives/edgar/data/1323468/0001558370-22-002325.txt
Global Partners,GLP,0001323468,2023-02-27,https://www.sec.gov/Archives/edgar/data/1323468/0001558370-23-002156.txt
Global Partners,GLP,0001323468,2024-02-29,https://www.sec.gov/Archives/edgar/data/1323468/0001558370-24-002047.txt
Global Partners,GLP,0001323468,2025-02-28,https://www.sec.gov/Archives/edgar/data/1323468/0001558370-25-001925.txt
Corning,GLW,0000024741,2022-02-14,https://www.sec.gov/Archives/edgar/data/24741/0001437749-22-003247.txt
Corning,GLW,0000024741,2023-02-13,https://www.sec.gov/Archives/edgar/data/24741/0001437749-23-003123.txt
Corning,GLW,0000024741,2024-02-12,https://www.sec.gov/Archives/edgar/data/24741/0001437749-24-003735.txt
Corning,GLW,0000024741,2025-02-13,https://www.sec.gov/Archives/edgar/data/24741/0001628280-25-005347.txt
General Motors,GM,0001467858,2022-02-02,https://www.sec.gov/Archives/edgar/data/1467858/0001467858-22-000034.txt
General Motors,GM,0001467858,2023-01-31,https://www.sec.gov/Archives/edgar/data/1467858/0001467858-23-000029.txt
General Motors,GM,0001467858,2024-01-30,https://www.sec.gov/Archives/edgar/data/1467858/0001467858-24-000031.txt
General Motors,GM,0001467858,2025-01-28,https://www.sec.gov/Archives/edgar/data/1467858/0001467858-25-000032.txt
Alphabet,GOOGL,0001652044,2022-02-02,https://www.sec.gov/Archives/edgar/data/1652044/0001652044-22-000019.txt
Alphabet,GOOGL,0001652044,2023-02-03,https://www.sec.gov/Archives/edgar/data/1652044/0001652044-23-000016.txt
Alphabet,GOOGL,0001652044,2024-01-31,https://www.sec.gov/Archives/edgar/data/1652044/0001652044-24-000022.txt
Alphabet,GOOGL,0001652044,2025-02-05,https://www.sec.gov/Archives/edgar/data/1652044/0001652044-25-000014.txt
Genuine Parts,GPC,0000040987,2022-02-17,https://www.sec.gov/Archives/edgar/data/40987/0000040987-22-000013.txt
Genuine Parts,GPC,0000040987,2023-02-23,https://www.sec.gov/Archives/edgar/data/40987/0000040987-23-000008.txt
Genuine Parts,GPC,0000040987,2024-02-22,https://www.sec.gov/Archives/edgar/data/40987/0000040987-24-000024.txt
Genuine Parts,GPC,0000040987,2025-02-21,https://www.sec.gov/Archives/edgar/data/40987/0000040987-25-000026.txt
Group 1 Automotive,GPI,0001031203,2022-02-23,https://www.sec.gov/Archives/edgar/data/1031203/0001031203-22-000007.txt
Group 1 Automotive,GPI,0001031203,2023-02-16,https://www.sec.gov/Archives/edgar/data/1031203/0001031203-23-000007.txt
Group 1 Automotive,GPI,0001031203,2024-02-14,https://www.sec.gov/Archives/edgar/data/1031203/0001031203-24-000013.txt
Group 1 Automotive,GPI,0001031203,2025-02-14,https://www.sec.gov/Archives/edgar/data/1031203/0001031203-25-000013.txt
Graphic Packaging Holding,GPK,0001408075,2022-02-22,https://www.sec.gov/Archives/edgar/data/1408075/0001408075-22-000009.txt
Graphic Packaging Holding,GPK,0001408075,2023-02-09,https://www.sec.gov/Archives/edgar/data/1408075/0001408075-23-000010.txt
Graphic Packaging Holding,GPK,0001408075,2024-02-21,https://www.sec.gov/Archives/edgar/data/1408075/0001408075-24-000012.txt
Graphic Packaging Holding,GPK,0001408075,2025-02-12,https://www.sec.gov/Archives/edgar/data/1408075/0001408075-25-000007.txt
Global Payments,GPN,0001123360,2022-02-18,https://www.sec.gov/Archives/edgar/data/1123360/0001123360-22-000007.txt
Global Payments,GPN,0001123360,2023-02-17,https://www.sec.gov/Archives/edgar/data/1123360/0001123360-23-000009.txt
Global Payments,GPN,0001123360,2024-02-14,https://www.sec.gov/Archives/edgar/data/1123360/0001123360-24-000004.txt
Global Payments,GPN,0001123360,2025-02-14,https://www.sec.gov/Archives/edgar/data/1123360/0001123360-25-000011.txt
Goldman Sachs Group,GS,0000886982,2022-02-25,https://www.sec.gov/Archives/edgar/data/886982/0001193125-22-052682.txt
Goldman Sachs Group,GS,0000886982,2023-02-24,https://www.sec.gov/Archives/edgar/data/886982/0000886982-23-000003.txt
Goldman Sachs Group,GS,0000886982,2024-02-23,https://www.sec.gov/Archives/edgar/data/886982/0000886982-24-000006.txt
Goldman Sachs Group,GS,0000886982,2025-02-27,https://www.sec.gov/Archives/edgar/data/886982/0000886982-25-000005.txt
Goodyear Tire & Rubber,GT,0000042582,2022-02-14,https://www.sec.gov/Archives/edgar/data/42582/0000950170-22-001201.txt
Goodyear Tire & Rubber,GT,0000042582,2023-02-13,https://www.sec.gov/Archives/edgar/data/42582/0000950170-23-002558.txt
Goodyear Tire & Rubber,GT,0000042582,2024-02-13,https://www.sec.gov/Archives/edgar/data/42582/0000950170-24-014240.txt
Goodyear Tire & Rubber,GT,0000042582,2025-02-14,https://www.sec.gov/Archives/edgar/data/42582/0000950170-25-020763.txt
W.W. Grainger,GWW,0000277135,2022-02-23,https://www.sec.gov/Archives/edgar/data/277135/0000277135-22-000012.txt
W.W. Grainger,GWW,0000277135,2023-02-21,https://www.sec.gov/Archives/edgar/data/277135/0000277135-23-000014.txt
W.W. Grainger,GWW,0000277135,2024-02-22,https://www.sec.gov/Archives/edgar/data/277135/0000277135-24-000011.txt
W.W. Grainger,GWW,0000277135,2025-02-20,https://www.sec.gov/Archives/edgar/data/277135/0000277135-25-000010.txt
GXO Logistics,GXO,0001852244,2022-02-17,https://www.sec.gov/Archives/edgar/data/1852244/0001852244-22-000010.txt
GXO Logistics,GXO,0001852244,2023-02-16,https://www.sec.gov/Archives/edgar/data/1852244/0001852244-23-000009.txt
GXO Logistics,GXO,0001852244,2024-02-15,https://www.sec.gov/Archives/edgar/data/1852244/0001852244-24-000007.txt
GXO Logistics,GXO,0001852244,2025-02-18,https://www.sec.gov/Archives/edgar/data/1852244/0001852244-25-000007.txt
Halliburton,HAL,0000045012,2022-02-04,https://www.sec.gov/Archives/edgar/data/45012/0000045012-22-000013.txt
Halliburton,HAL,0000045012,2023-02-07,https://www.sec.gov/Archives/edgar/data/45012/0000045012-23-000011.txt
Halliburton,HAL,0000045012,2024-02-06,https://www.sec.gov/Archives/edgar/data/45012/0000045012-24-000007.txt
Halliburton,HAL,0000045012,2025-02-12,https://www.sec.gov/Archives/edgar/data/45012/0000045012-25-000010.txt
Huntington Bancshares,HBAN,0000049196,2022-02-18,https://www.sec.gov/Archives/edgar/data/49196/0000049196-22-000023.txt
Huntington Bancshares,HBAN,0000049196,2023-02-17,https://www.sec.gov/Archives/edgar/data/49196/0000049196-23-000020.txt
Huntington Bancshares,HBAN,0000049196,2024-02-16,https://www.sec.gov/Archives/edgar/data/49196/0000049196-24-000020.txt
Huntington Bancshares,HBAN,0000049196,2025-02-14,https://www.sec.gov/Archives/edgar/data/49196/0000049196-25-000020.txt
HCA Healthcare,HCA,0000860730,2022-02-18,https://www.sec.gov/Archives/edgar/data/860730/0001193125-22-046707.txt
HCA Healthcare,HCA,0000860730,2023-02-17,https://www.sec.gov/Archives/edgar/data/860730/0000950170-23-003234.txt
HCA Healthcare,HCA,0000860730,2024-02-16,https://www.sec.gov/Archives/edgar/data/860730/0000950170-24-016524.txt
HCA Healthcare,HCA,0000860730,2025-02-14,https://www.sec.gov/Archives/edgar/data/860730/0000950170-25-020134.txt
Home Depot,HD,0000354950,2022-03-23,https://www.sec.gov/Archives/edgar/data/354950/0000354950-22-000070.txt
Home Depot,HD,0000354950,2023-03-15,https://www.sec.gov/Archives/edgar/data/354950/0000354950-23-000059.txt
Home Depot,HD,0000354950,2024-03-13,https://www.sec.gov/Archives/edgar/data/354950/0000354950-24-000062.txt
Home Depot,HD,0000354950,2025-03-21,https://www.sec.gov/Archives/edgar/data/354950/0000354950-25-000085.txt
Hess,HES,0000004447,2022-03-01,https://www.sec.gov/Archives/edgar/data/4447/0001628280-22-004524.txt
Hess,HES,0000004447,2023-02-24,https://www.sec.gov/Archives/edgar/data/4447/0001628280-23-005059.txt
Hess,HES,0000004447,2024-02-26,https://www.sec.gov/Archives/edgar/data/4447/0001628280-24-006845.txt
Hess,HES,0000004447,2025-02-27,https://www.sec.gov/Archives/edgar/data/4447/0001628280-25-008716.txt
Hartford Insurance Group,HIG,0000874766,2022-02-18,https://www.sec.gov/Archives/edgar/data/874766/0000874766-22-000019.txt
Hartford Insurance Group,HIG,0000874766,2023-02-24,https://www.sec.gov/Archives/edgar/data/874766/0000874766-23-000023.txt
Hartford Insurance Group,HIG,0000874766,2024-02-23,https://www.sec.gov/Archives/edgar/data/874766/0000874766-24-000016.txt
Hartford Insurance Group,HIG,0000874766,2025-02-21,https://www.sec.gov/Archives/edgar/data/874766/0000874766-25-000023.txt
Huntington Ingalls Industries,HII,0001501585,2022-02-10,https://www.sec.gov/Archives/edgar/data/1501585/0001501585-22-000007.txt
Huntington Ingalls Industries,HII,0001501585,2023-02-09,https://www.sec.gov/Archives/edgar/data/1501585/0001501585-23-000010.txt
Huntington Ingalls Industries,HII,0001501585,2024-02-01,https://www.sec.gov/Archives/edgar/data/1501585/0001501585-24-000007.txt
Huntington Ingalls Industries,HII,0001501585,2025-02-06,https://www.sec.gov/Archives/edgar/data/1501585/0001501585-25-000006.txt
Hilton Worldwide Holdings,HLT,0001585689,2022-02-16,https://www.sec.gov/Archives/edgar/data/1585689/0001585689-22-000013.txt
Hilton Worldwide Holdings,HLT,0001585689,2023-02-09,https://www.sec.gov/Archives/edgar/data/1585689/0001585689-23-000036.txt
Hilton Worldwide Holdings,HLT,0001585689,2024-02-07,https://www.sec.gov/Archives/edgar/data/1585689/0001585689-24-000027.txt
Hilton Worldwide Holdings,HLT,0001585689,2025-02-06,https://www.sec.gov/Archives/edgar/data/1585689/0001585689-25-000008.txt
Honeywell International,HON,0000773840,2022-02-11,https://www.sec.gov/Archives/edgar/data/773840/0000773840-22-000018.txt
Honeywell International,HON,0000773840,2023-02-10,https://www.sec.gov/Archives/edgar/data/773840/0000773840-23-000013.txt
Honeywell International,HON,0000773840,2024-02-16,https://www.sec.gov/Archives/edgar/data/773840/0000773840-24-000014.txt
Honeywell International,HON,0000773840,2025-02-14,https://www.sec.gov/Archives/edgar/data/773840/0000773840-25-000010.txt
Hewlett Packard Enterprise,HPE,0001645590,2022-12-08,https://www.sec.gov/Archives/edgar/data/1645590/0001645590-22-000071.txt
Hewlett Packard Enterprise,HPE,0001645590,2023-12-22,https://www.sec.gov/Archives/edgar/data/1645590/0001645590-23-000117.txt
Hewlett Packard Enterprise,HPE,0001645590,2024-12-19,https://www.sec.gov/Archives/edgar/data/1645590/0001645590-24-000139.txt
Hewlett Packard Enterprise,HPE,0001645590,2025-12-18,https://www.sec.gov/Archives/edgar/data/1645590/0001645590-25-000130.txt
HP,HPQ,0000047217,2022-12-06,https://www.sec.gov/Archives/edgar/data/47217/0000047217-22-000068.txt
HP,HPQ,0000047217,2023-12-18,https://www.sec.gov/Archives/edgar/data/47217/0000047217-23-000100.txt
HP,HPQ,0000047217,2024-12-13,https://www.sec.gov/Archives/edgar/data/47217/0000047217-24-000080.txt
HP,HPQ,0000047217,2025-12-10,https://www.sec.gov/Archives/edgar/data/47217/0000047217-25-000071.txt
Hormel Foods,HRL,0000048465,2022-12-06,https://www.sec.gov/Archives/edgar/data/48465/0000048465-22-000051.txt
Hormel Foods,HRL,0000048465,2023-12-06,https://www.sec.gov/Archives/edgar/data/48465/0000048465-23-000083.txt
Hormel Foods,HRL,0000048465,2024-12-05,https://www.sec.gov/Archives/edgar/data/48465/0000048465-24-000051.txt
Hormel Foods,HRL,0000048465,2025-12-05,https://www.sec.gov/Archives/edgar/data/48465/0000048465-25-000059.txt
Henry Schein,HSIC,0001000228,2022-02-15,https://www.sec.gov/Archives/edgar/data/1000228/0001000228-22-000016.txt
Henry Schein,HSIC,0001000228,2023-02-21,https://www.sec.gov/Archives/edgar/data/1000228/0001000228-23-000011.txt
Henry Schein,HSIC,0001000228,2024-02-28,https://www.sec.gov/Archives/edgar/data/1000228/0001000228-24-000011.txt
Henry Schein,HSIC,0001000228,2025-02-25,https://www.sec.gov/Archives/edgar/data/1000228/0001000228-25-000014.txt
Hershey,HSY,0000047111,2022-02-18,https://www.sec.gov/Archives/edgar/data/47111/0000047111-22-000017.txt
Hershey,HSY,0000047111,2023-02-17,https://www.sec.gov/Archives/edgar/data/47111/0000047111-23-000012.txt
Hershey,HSY,0000047111,2024-02-20,https://www.sec.gov/Archives/edgar/data/47111/0000047111-24-000009.txt
Hershey,HSY,0000047111,2025-02-18,https://www.sec.gov/Archives/edgar/data/47111/0000047111-25-000014.txt
Hertz Global Holdings,HTZ,0001657853,2022-02-23,https://www.sec.gov/Archives/edgar/data/1657853/0001657853-22-000012.txt
Hertz Global Holdings,HTZ,0001657853,2023-02-07,https://www.sec.gov/Archives/edgar/data/1657853/0001657853-23-000039.txt
Hertz Global Holdings,HTZ,0001657853,2024-02-12,https://www.sec.gov/Archives/edgar/data/1657853/0001657853-24-000022.txt
Hertz Global Holdings,HTZ,0001657853,2025-02-18,https://www.sec.gov/Archives/edgar/data/1657853/0001657853-25-000015.txt
Humana,HUM,0000049071,2022-02-17,https://www.sec.gov/Archives/edgar/data/49071/0000049071-22-000017.txt
Humana,HUM,0000049071,2023-02-16,https://www.sec.gov/Archives/edgar/data/49071/0000049071-23-000011.txt
Humana,HUM,0000049071,2024-02-15,https://www.sec.gov/Archives/edgar/data/49071/0000049071-24-000012.txt
Humana,HUM,0000049071,2025-02-20,https://www.sec.gov/Archives/edgar/data/49071/0000049071-25-000007.txt
Howmet Aerospace,HWM,0000004281,2022-02-14,https://www.sec.gov/Archives/edgar/data/4281/0000004281-22-000004.txt
Howmet Aerospace,HWM,0000004281,2023-02-14,https://www.sec.gov/Archives/edgar/data/4281/0000004281-23-000004.txt
Howmet Aerospace,HWM,0000004281,2024-02-13,https://www.sec.gov/Archives/edgar/data/4281/0000004281-24-000007.txt
Howmet Aerospace,HWM,0000004281,2025-02-14,https://www.sec.gov/Archives/edgar/data/4281/0000004281-25-000011.txt
Interactive Brokers Group,IBKR,0001381197,2022-02-25,https://www.sec.gov/Archives/edgar/data/1381197/0001381197-22-000010.txt
Interactive Brokers Group,IBKR,0001381197,2023-02-24,https://www.sec.gov/Archives/edgar/data/1381197/0001381197-23-000014.txt
Interactive Brokers Group,IBKR,0001381197,2024-02-27,https://www.sec.gov/Archives/edgar/data/1381197/0001381197-24-000083.txt
Interactive Brokers Group,IBKR,0001381197,2025-02-27,https://www.sec.gov/Archives/edgar/data/1381197/0001381197-25-000036.txt
International Business Machines,IBM,0000051143,2022-02-22,https://www.sec.gov/Archives/edgar/data/51143/0001558370-22-001584.txt
International Business Machines,IBM,0000051143,2023-02-28,https://www.sec.gov/Archives/edgar/data/51143/0001558370-23-002376.txt
International Business Machines,IBM,0000051143,2024-02-26,https://www.sec.gov/Archives/edgar/data/51143/0000051143-24-000012.txt
International Business Machines,IBM,0000051143,2025-02-25,https://www.sec.gov/Archives/edgar/data/51143/0000051143-25-000015.txt
Intercontinental Exchange,ICE,0001571949,2022-02-03,https://www.sec.gov/Archives/edgar/data/1571949/0001571949-22-000006.txt
Intercontinental Exchange,ICE,0001571949,2023-02-02,https://www.sec.gov/Archives/edgar/data/1571949/0001571949-23-000006.txt
Intercontinental Exchange,ICE,0001571949,2024-02-08,https://www.sec.gov/Archives/edgar/data/1571949/0001571949-24-000007.txt
Intercontinental Exchange,ICE,0001571949,2025-02-06,https://www.sec.gov/Archives/edgar/data/1571949/0001571949-25-000003.txt
Icahn Enterprises,IEP,0000813762,2022-02-25,https://www.sec.gov/Archives/edgar/data/813762/0001558370-22-002150.txt
Icahn Enterprises,IEP,0000813762,2023-02-24,https://www.sec.gov/Archives/edgar/data/813762/0001558370-23-002068.txt
Icahn Enterprises,IEP,0000813762,2024-02-29,https://www.sec.gov/Archives/edgar/data/813762/0001558370-24-002090.txt
Icahn Enterprises,IEP,0000813762,2025-02-26,https://www.sec.gov/Archives/edgar/data/813762/0001558370-25-001612.txt
International Flavors & Fragrances,IFF,0000051253,2022-02-28,https://www.sec.gov/Archives/edgar/data/51253/0000051253-22-000007.txt
International Flavors & Fragrances,IFF,0000051253,2023-02-27,https://www.sec.gov/Archives/edgar/data/51253/0000051253-23-000009.txt
International Flavors & Fragrances,IFF,0000051253,2024-02-28,https://www.sec.gov/Archives/edgar/data/51253/0000051253-24-000006.txt
International Flavors & Fragrances,IFF,0000051253,2025-02-28,https://www.sec.gov/Archives/edgar/data/51253/0000051253-25-000013.txt
Ingram Micro Holding,INGM,0001897762,2025-03-05,https://www.sec.gov/Archives/edgar/data/1897762/0001628280-25-010298.txt
Ingredion,INGR,0001046257,2022-02-22,https://www.sec.gov/Archives/edgar/data/1046257/0001558370-22-001549.txt
Ingredion,INGR,0001046257,2023-02-21,https://www.sec.gov/Archives/edgar/data/1046257/0001046257-23-000006.txt
Ingredion,INGR,0001046257,2024-02-21,https://www.sec.gov/Archives/edgar/data/1046257/0001046257-24-000005.txt
Ingredion,INGR,0001046257,2025-02-20,https://www.sec.gov/Archives/edgar/data/1046257/0001046257-25-000018.txt
Intel,INTC,0000050863,2022-01-27,https://www.sec.gov/Archives/edgar/data/50863/0000050863-22-000007.txt
Intel,INTC,0000050863,2023-01-27,https://www.sec.gov/Archives/edgar/data/50863/0000050863-23-000006.txt
Intel,INTC,0000050863,2024-01-26,https://www.sec.gov/Archives/edgar/data/50863/0000050863-24-000010.txt
Intel,INTC,0000050863,2025-01-31,https://www.sec.gov/Archives/edgar/data/50863/0000050863-25-000009.txt
Intuit,INTU,0000896878,2022-09-02,https://www.sec.gov/Archives/edgar/data/896878/0000896878-22-000028.txt
Intuit,INTU,0000896878,2023-09-01,https://www.sec.gov/Archives/edgar/data/896878/0000896878-23-000034.txt
Intuit,INTU,0000896878,2024-09-04,https://www.sec.gov/Archives/edgar/data/896878/0000896878-24-000039.txt
Intuit,INTU,0000896878,2025-09-03,https://www.sec.gov/Archives/edgar/data/896878/0000896878-25-000035.txt
International Paper,IP,0000051434,2022-02-18,https://www.sec.gov/Archives/edgar/data/51434/0000051434-22-000016.txt
International Paper,IP,0000051434,2023-02-17,https://www.sec.gov/Archives/edgar/data/51434/0000051434-23-000013.txt
International Paper,IP,0000051434,2024-02-16,https://www.sec.gov/Archives/edgar/data/51434/0000051434-24-000024.txt
International Paper,IP,0000051434,2025-02-21,https://www.sec.gov/Archives/edgar/data/51434/0000051434-25-000013.txt
Interpublic Group,IPG,0000051644,2022-02-22,https://www.sec.gov/Archives/edgar/data/51644/0000051644-22-000010.txt
Interpublic Group,IPG,0000051644,2023-02-21,https://www.sec.gov/Archives/edgar/data/51644/0000051644-23-000010.txt
Interpublic Group,IPG,0000051644,2024-02-20,https://www.sec.gov/Archives/edgar/data/51644/0000051644-24-000013.txt
Interpublic Group,IPG,0000051644,2025-02-20,https://www.sec.gov/Archives/edgar/data/51644/0000051644-25-000024.txt
IQVIA Holdings,IQV,0001478242,2022-02-16,https://www.sec.gov/Archives/edgar/data/1478242/0001478242-22-000041.txt
IQVIA Holdings,IQV,0001478242,2023-02-15,https://www.sec.gov/Archives/edgar/data/1478242/0001478242-23-000044.txt
IQVIA Holdings,IQV,0001478242,2024-02-15,https://www.sec.gov/Archives/edgar/data/1478242/0001478242-24-000038.txt
IQVIA Holdings,IQV,0001478242,2025-02-13,https://www.sec.gov/Archives/edgar/data/1478242/0001478242-25-000045.txt
Intuitive Surgical,ISRG,0001035267,2022-02-03,https://www.sec.gov/Archives/edgar/data/1035267/0001035267-22-000014.txt
Intuitive Surgical,ISRG,0001035267,2023-02-10,https://www.sec.gov/Archives/edgar/data/1035267/0001035267-23-000019.txt
Intuitive Surgical,ISRG,0001035267,2024-01-31,https://www.sec.gov/Archives/edgar/data/1035267/0001035267-24-000021.txt
Intuitive Surgical,ISRG,0001035267,2025-01-31,https://www.sec.gov/Archives/edgar/data/1035267/0001035267-25-000017.txt
Illinois Tool Works,ITW,0000049826,2022-02-11,https://www.sec.gov/Archives/edgar/data/49826/0000049826-22-000006.txt
Illinois Tool Works,ITW,0000049826,2023-02-10,https://www.sec.gov/Archives/edgar/data/49826/0000049826-23-000008.txt
Illinois Tool Works,ITW,0000049826,2024-02-09,https://www.sec.gov/Archives/edgar/data/49826/0000049826-24-000008.txt
Illinois Tool Works,ITW,0000049826,2025-02-14,https://www.sec.gov/Archives/edgar/data/49826/0000049826-25-000007.txt
Jacobs Solutions,J,0000052988,2022-11-21,https://www.sec.gov/Archives/edgar/data/52988/0000052988-22-000111.txt
Jacobs Solutions,J,0000052988,2023-11-21,https://www.sec.gov/Archives/edgar/data/52988/0000052988-23-000084.txt
Jacobs Solutions,J,0000052988,2024-11-25,https://www.sec.gov/Archives/edgar/data/52988/0000052988-24-000065.txt
Jacobs Solutions,J,0000052988,2025-11-20,https://www.sec.gov/Archives/edgar/data/52988/0001628280-25-053316.txt
J.B. Hunt Transport Services,JBHT,0000728535,2022-02-25,https://www.sec.gov/Archives/edgar/data/728535/0001437749-22-004457.txt
J.B. Hunt Transport Services,JBHT,0000728535,2023-02-24,https://www.sec.gov/Archives/edgar/data/728535/0001437749-23-004530.txt
J.B. Hunt Transport Services,JBHT,0000728535,2024-02-23,https://www.sec.gov/Archives/edgar/data/728535/0001437749-24-005368.txt
J.B. Hunt Transport Services,JBHT,0000728535,2025-02-21,https://www.sec.gov/Archives/edgar/data/728535/0001437749-25-004736.txt
Jabil,JBL,0000898293,2022-10-25,https://www.sec.gov/Archives/edgar/data/898293/0001193125-22-268383.txt
Jabil,JBL,0000898293,2023-10-20,https://www.sec.gov/Archives/edgar/data/898293/0001193125-23-259599.txt
Jabil,JBL,0000898293,2024-10-28,https://www.sec.gov/Archives/edgar/data/898293/0001628280-24-043960.txt
Jabil,JBL,0000898293,2025-10-17,https://www.sec.gov/Archives/edgar/data/898293/0001628280-25-045293.txt
JetBlue Airways,JBLU,0001158463,2022-02-22,https://www.sec.gov/Archives/edgar/data/1158463/0001158463-22-000017.txt
JetBlue Airways,JBLU,0001158463,2023-02-27,https://www.sec.gov/Archives/edgar/data/1158463/0001158463-23-000002.txt
JetBlue Airways,JBLU,0001158463,2024-02-12,https://www.sec.gov/Archives/edgar/data/1158463/0001158463-24-000006.txt
JetBlue Airways,JBLU,0001158463,2025-02-14,https://www.sec.gov/Archives/edgar/data/1158463/0001158463-25-000005.txt
Jefferies Financial Group,JEF,0000096223,2022-01-28,https://www.sec.gov/Archives/edgar/data/96223/0000096223-22-000006.txt
Jefferies Financial Group,JEF,0000096223,2023-01-27,https://www.sec.gov/Archives/edgar/data/96223/0000096223-23-000009.txt
Jefferies Financial Group,JEF,0000096223,2024-01-26,https://www.sec.gov/Archives/edgar/data/96223/0000096223-24-000006.txt
Jefferies Financial Group,JEF,0000096223,2025-01-28,https://www.sec.gov/Archives/edgar/data/96223/0001628280-25-002833.txt
Jones Lang LaSalle,JLL,0001037976,2022-02-28,https://www.sec.gov/Archives/edgar/data/1037976/0001037976-22-000006.txt
Jones Lang LaSalle,JLL,0001037976,2023-02-28,https://www.sec.gov/Archives/edgar/data/1037976/0001037976-23-000007.txt
Jones Lang LaSalle,JLL,0001037976,2024-02-27,https://www.sec.gov/Archives/edgar/data/1037976/0001037976-24-000010.txt
Jones Lang LaSalle,JLL,0001037976,2025-02-19,https://www.sec.gov/Archives/edgar/data/1037976/0001037976-25-000006.txt
Johnson & Johnson,JNJ,0000200406,2022-02-17,https://www.sec.gov/Archives/edgar/data/200406/0000200406-22-000022.txt
Johnson & Johnson,JNJ,0000200406,2023-02-16,https://www.sec.gov/Archives/edgar/data/200406/0000200406-23-000016.txt
Johnson & Johnson,JNJ,0000200406,2024-02-16,https://www.sec.gov/Archives/edgar/data/200406/0000200406-24-000013.txt
Johnson & Johnson,JNJ,0000200406,2025-02-13,https://www.sec.gov/Archives/edgar/data/200406/0000200406-25-000038.txt
JPMorgan Chase,JPM,0000019617,2022-02-22,https://www.sec.gov/Archives/edgar/data/19617/0000019617-22-000272.txt
JPMorgan Chase,JPM,0000019617,2023-02-21,https://www.sec.gov/Archives/edgar/data/19617/0000019617-23-000231.txt
JPMorgan Chase,JPM,0000019617,2024-02-16,https://www.sec.gov/Archives/edgar/data/19617/0000019617-24-000225.txt
JPMorgan Chase,JPM,0000019617,2025-02-14,https://www.sec.gov/Archives/edgar/data/19617/0000019617-25-000270.txt
Kellanova,K,0000055067,2022-02-22,https://www.sec.gov/Archives/edgar/data/55067/0001628280-22-003345.txt
Kellanova,K,0000055067,2023-02-21,https://www.sec.gov/Archives/edgar/data/55067/0001628280-23-004299.txt
Kellanova,K,0000055067,2024-02-20,https://www.sec.gov/Archives/edgar/data/55067/0001628280-24-005583.txt
Kellanova,K,0000055067,2025-02-21,https://www.sec.gov/Archives/edgar/data/55067/0001628280-25-007118.txt
KBR,KBR,0001357615,2022-02-22,https://www.sec.gov/Archives/edgar/data/1357615/0001357615-22-000012.txt
KBR,KBR,0001357615,2023-02-17,https://www.sec.gov/Archives/edgar/data/1357615/0001357615-23-000030.txt
KBR,KBR,0001357615,2024-02-20,https://www.sec.gov/Archives/edgar/data/1357615/0001357615-24-000016.txt
KBR,KBR,0001357615,2025-02-25,https://www.sec.gov/Archives/edgar/data/1357615/0001357615-25-000018.txt
Kyndryl Holdings,KD,0001867072,2022-03-10,https://www.sec.gov/Archives/edgar/data/1867072/0001558370-22-003291.txt
Kyndryl Holdings,KD,0001867072,2023-05-26,https://www.sec.gov/Archives/edgar/data/1867072/0001558370-23-010545.txt
Kyndryl Holdings,KD,0001867072,2024-05-30,https://www.sec.gov/Archives/edgar/data/1867072/0001558370-24-008788.txt
Kyndryl Holdings,KD,0001867072,2025-05-30,https://www.sec.gov/Archives/edgar/data/1867072/0001558370-25-008282.txt
Keurig Dr Pepper,KDP,0001418135,2022-02-24,https://www.sec.gov/Archives/edgar/data/1418135/0001418135-22-000005.txt
Keurig Dr Pepper,KDP,0001418135,2023-02-23,https://www.sec.gov/Archives/edgar/data/1418135/0001418135-23-000003.txt
Keurig Dr Pepper,KDP,0001418135,2024-02-22,https://www.sec.gov/Archives/edgar/data/1418135/0001418135-24-000007.txt
Keurig Dr Pepper,KDP,0001418135,2025-02-25,https://www.sec.gov/Archives/edgar/data/1418135/0001418135-25-000013.txt
KeyCorp,KEY,0000091576,2022-02-22,https://www.sec.gov/Archives/edgar/data/91576/0000091576-22-000029.txt
KeyCorp,KEY,0000091576,2023-02-22,https://www.sec.gov/Archives/edgar/data/91576/0000091576-23-000026.txt
KeyCorp,KEY,0000091576,2024-02-22,https://www.sec.gov/Archives/edgar/data/91576/0000091576-24-000040.txt
KeyCorp,KEY,0000091576,2025-02-21,https://www.sec.gov/Archives/edgar/data/91576/0000091576-25-000038.txt
Kraft Heinz,KHC,0001637459,2022-02-17,https://www.sec.gov/Archives/edgar/data/1637459/0001637459-22-000018.txt
Kraft Heinz,KHC,0001637459,2023-02-16,https://www.sec.gov/Archives/edgar/data/1637459/0001637459-23-000009.txt
Kraft Heinz,KHC,0001637459,2024-02-15,https://www.sec.gov/Archives/edgar/data/1637459/0001637459-24-000018.txt
Kraft Heinz,KHC,0001637459,2025-02-13,https://www.sec.gov/Archives/edgar/data/1637459/0001637459-25-000011.txt
KKR,KKR,0001404912,2022-02-28,https://www.sec.gov/Archives/edgar/data/1404912/0001404912-22-000004.txt
KKR,KKR,0001404912,2023-02-27,https://www.sec.gov/Archives/edgar/data/1404912/0001404912-23-000005.txt
KKR,KKR,0001404912,2024-02-29,https://www.sec.gov/Archives/edgar/data/1404912/0001404912-24-000005.txt
KKR,KKR,0001404912,2025-02-28,https://www.sec.gov/Archives/edgar/data/1404912/0001404912-25-000015.txt
KLA,KLAC,0000319201,2022-08-05,https://www.sec.gov/Archives/edgar/data/319201/0000319201-22-000023.txt
KLA,KLAC,0000319201,2023-08-04,https://www.sec.gov/Archives/edgar/data/319201/0000319201-23-000031.txt
KLA,KLAC,0000319201,2024-08-05,https://www.sec.gov/Archives/edgar/data/319201/0000319201-24-000021.txt
KLA,KLAC,0000319201,2025-08-08,https://www.sec.gov/Archives/edgar/data/319201/0000319201-25-000024.txt
Kimberly-Clark,KMB,0000055785,2022-02-10,https://www.sec.gov/Archives/edgar/data/55785/0000055785-22-000010.txt
Kimberly-Clark,KMB,0000055785,2023-02-09,https://www.sec.gov/Archives/edgar/data/55785/0000055785-23-000012.txt
Kimberly-Clark,KMB,0000055785,2024-02-08,https://www.sec.gov/Archives/edgar/data/55785/0000055785-24-000018.txt
Kimberly-Clark,KMB,0000055785,2025-02-13,https://www.sec.gov/Archives/edgar/data/55785/0000055785-25-000013.txt
Kinder Morgan,KMI,0001506307,2022-02-07,https://www.sec.gov/Archives/edgar/data/1506307/0001506307-22-000018.txt
Kinder Morgan,KMI,0001506307,2023-02-08,https://www.sec.gov/Archives/edgar/data/1506307/0001506307-23-000023.txt
Kinder Morgan,KMI,0001506307,2024-02-20,https://www.sec.gov/Archives/edgar/data/1506307/0001506307-24-000011.txt
Kinder Morgan,KMI,0001506307,2025-02-13,https://www.sec.gov/Archives/edgar/data/1506307/0001506307-25-000008.txt
CarMax,KMX,0001170010,2022-04-14,https://www.sec.gov/Archives/edgar/data/1170010/0001170010-22-000017.txt
CarMax,KMX,0001170010,2023-04-13,https://www.sec.gov/Archives/edgar/data/1170010/0001170010-23-000010.txt
CarMax,KMX,0001170010,2024-04-15,https://www.sec.gov/Archives/edgar/data/1170010/0001170010-24-000034.txt
CarMax,KMX,0001170010,2025-04-11,https://www.sec.gov/Archives/edgar/data/1170010/0001170010-25-000024.txt
Coca-Cola,KO,0000021344,2022-02-22,https://www.sec.gov/Archives/edgar/data/21344/0000021344-22-000009.txt
Coca-Cola,KO,0000021344,2023-02-21,https://www.sec.gov/Archives/edgar/data/21344/0000021344-23-000011.txt
Coca-Cola,KO,0000021344,2024-02-20,https://www.sec.gov/Archives/edgar/data/21344/0000021344-24-000009.txt
Coca-Cola,KO,0000021344,2025-02-20,https://www.sec.gov/Archives/edgar/data/21344/0000021344-25-000011.txt
Kroger,KR,0000056873,2022-03-29,https://www.sec.gov/Archives/edgar/data/56873/0001558370-22-004595.txt
Kroger,KR,0000056873,2023-03-28,https://www.sec.gov/Archives/edgar/data/56873/0001558370-23-004767.txt
Kroger,KR,0000056873,2024-04-02,https://www.sec.gov/Archives/edgar/data/56873/0001558370-24-004603.txt
Kroger,KR,0000056873,2025-04-01,https://www.sec.gov/Archives/edgar/data/56873/0001558370-25-004267.txt
Kohl's,KSS,0000885639,2022-03-17,https://www.sec.gov/Archives/edgar/data/885639/0000950170-22-004076.txt
Kohl's,KSS,0000885639,2023-03-16,https://www.sec.gov/Archives/edgar/data/885639/0000950170-23-008444.txt
Kohl's,KSS,0000885639,2024-03-21,https://www.sec.gov/Archives/edgar/data/885639/0000950170-24-034691.txt
Kohl's,KSS,0000885639,2025-03-20,https://www.sec.gov/Archives/edgar/data/885639/0000950170-25-042662.txt
Kenvue,KVUE,0001944048,2024-03-01,https://www.sec.gov/Archives/edgar/data/1944048/0001944048-24-000057.txt
Kenvue,KVUE,0001944048,2025-02-24,https://www.sec.gov/Archives/edgar/data/1944048/0001944048-25-000033.txt
Loews,L,0000060086,2022-02-08,https://www.sec.gov/Archives/edgar/data/60086/0000060086-22-000007.txt
Loews,L,0000060086,2023-02-07,https://www.sec.gov/Archives/edgar/data/60086/0000060086-23-000025.txt
Loews,L,0000060086,2024-02-06,https://www.sec.gov/Archives/edgar/data/60086/0000060086-24-000029.txt
Loews,L,0000060086,2025-02-11,https://www.sec.gov/Archives/edgar/data/60086/0000060086-25-000036.txt
Lithia Motors,LAD,0001023128,2022-02-18,https://www.sec.gov/Archives/edgar/data/1023128/0001023128-22-000042.txt
Lithia Motors,LAD,0001023128,2023-02-24,https://www.sec.gov/Archives/edgar/data/1023128/0001023128-23-000053.txt
Lithia Motors,LAD,0001023128,2024-02-23,https://www.sec.gov/Archives/edgar/data/1023128/0001023128-24-000032.txt
Lithia Motors,LAD,0001023128,2025-02-24,https://www.sec.gov/Archives/edgar/data/1023128/0001023128-25-000026.txt
Leidos Holdings,LDOS,0001336920,2022-02-15,https://www.sec.gov/Archives/edgar/data/1336920/0001336920-22-000007.txt
Leidos Holdings,LDOS,0001336920,2023-02-14,https://www.sec.gov/Archives/edgar/data/1336920/0001336920-23-000015.txt
Leidos Holdings,LDOS,0001336920,2024-02-13,https://www.sec.gov/Archives/edgar/data/1336920/0001336920-24-000008.txt
Leidos Holdings,LDOS,0001336920,2025-02-11,https://www.sec.gov/Archives/edgar/data/1336920/0001336920-25-000006.txt
Lear,LEA,0000842162,2022-02-10,https://www.sec.gov/Archives/edgar/data/842162/0000842162-22-000009.txt
Lear,LEA,0000842162,2023-02-09,https://www.sec.gov/Archives/edgar/data/842162/0000842162-23-000011.txt
Lear,LEA,0000842162,2024-02-08,https://www.sec.gov/Archives/edgar/data/842162/0000842162-24-000008.txt
Lear,LEA,0000842162,2025-02-14,https://www.sec.gov/Archives/edgar/data/842162/0000842162-25-000010.txt
Lennar,LEN,0000920760,2022-01-28,https://www.sec.gov/Archives/edgar/data/920760/0001628280-22-001450.txt
Lennar,LEN,0000920760,2023-01-26,https://www.sec.gov/Archives/edgar/data/920760/0001628280-23-001606.txt
Lennar,LEN,0000920760,2024-01-26,https://www.sec.gov/Archives/edgar/data/920760/0001628280-24-002371.txt
Lennar,LEN,0000920760,2025-01-23,https://www.sec.gov/Archives/edgar/data/920760/0001628280-25-002404.txt
Labcorp Holdings,LH,0000920148,2022-02-25,https://www.sec.gov/Archives/edgar/data/920148/0000920148-22-000015.txt
Labcorp Holdings,LH,0000920148,2023-02-28,https://www.sec.gov/Archives/edgar/data/920148/0000920148-23-000017.txt
Labcorp Holdings,LH,0000920148,2024-02-26,https://www.sec.gov/Archives/edgar/data/920148/0000920148-24-000014.txt
Labcorp Holdings,LH,0000920148,2025-02-25,https://www.sec.gov/Archives/edgar/data/920148/0000920148-25-000032.txt
L3Harris Technologies,LHX,0000202058,2022-02-25,https://www.sec.gov/Archives/edgar/data/202058/0000202058-22-000015.txt
L3Harris Technologies,LHX,0000202058,2023-02-24,https://www.sec.gov/Archives/edgar/data/202058/0000202058-23-000014.txt
L3Harris Technologies,LHX,0000202058,2024-02-20,https://www.sec.gov/Archives/edgar/data/202058/0000202058-24-000029.txt
L3Harris Technologies,LHX,0000202058,2025-02-14,https://www.sec.gov/Archives/edgar/data/202058/0000202058-25-000023.txt
LKQ,LKQ,0001065696,2022-02-25,https://www.sec.gov/Archives/edgar/data/1065696/0001065696-22-000006.txt
LKQ,LKQ,0001065696,2023-02-23,https://www.sec.gov/Archives/edgar/data/1065696/0001065696-23-000008.txt
LKQ,LKQ,0001065696,2024-02-22,https://www.sec.gov/Archives/edgar/data/1065696/0001065696-24-000009.txt
LKQ,LKQ,0001065696,2025-02-20,https://www.sec.gov/Archives/edgar/data/1065696/0001065696-25-000015.txt
Eli Lilly,LLY,0000059478,2022-02-23,https://www.sec.gov/Archives/edgar/data/59478/0000059478-22-000068.txt
Eli Lilly,LLY,0000059478,2023-02-22,https://www.sec.gov/Archives/edgar/data/59478/0000059478-23-000082.txt
Eli Lilly,LLY,0000059478,2024-02-21,https://www.sec.gov/Archives/edgar/data/59478/0000059478-24-000065.txt
Eli Lilly,LLY,0000059478,2025-02-19,https://www.sec.gov/Archives/edgar/data/59478/0000059478-25-000067.txt
Lockheed Martin,LMT,0000936468,2022-01-25,https://www.sec.gov/Archives/edgar/data/936468/0000936468-22-000008.txt
Lockheed Martin,LMT,0000936468,2023-01-26,https://www.sec.gov/Archives/edgar/data/936468/0000936468-23-000009.txt
Lockheed Martin,LMT,0000936468,2024-01-23,https://www.sec.gov/Archives/edgar/data/936468/0000936468-24-000010.txt
Lockheed Martin,LMT,0000936468,2025-01-28,https://www.sec.gov/Archives/edgar/data/936468/0000936468-25-000009.txt
Lincoln National,LNC,0000059558,2022-02-17,https://www.sec.gov/Archives/edgar/data/59558/0000059558-22-000008.txt
Lincoln National,LNC,0000059558,2023-02-16,https://www.sec.gov/Archives/edgar/data/59558/0000059558-23-000009.txt
Lincoln National,LNC,0000059558,2024-02-22,https://www.sec.gov/Archives/edgar/data/59558/0000059558-24-000013.txt
Lincoln National,LNC,0000059558,2025-02-21,https://www.sec.gov/Archives/edgar/data/59558/0000059558-25-000023.txt
Cheniere Energy,LNG,0000003570,2022-02-24,https://www.sec.gov/Archives/edgar/data/3570/0000003570-22-000024.txt
Cheniere Energy,LNG,0000003570,2023-02-23,https://www.sec.gov/Archives/edgar/data/3570/0000003570-23-000042.txt
Cheniere Energy,LNG,0000003570,2024-02-22,https://www.sec.gov/Archives/edgar/data/3570/0000003570-24-000040.txt
Cheniere Energy,LNG,0000003570,2025-02-20,https://www.sec.gov/Archives/edgar/data/3570/0000003570-25-000033.txt
Lowe's,LOW,0000060667,2022-03-21,https://www.sec.gov/Archives/edgar/data/60667/0000060667-22-000038.txt
Lowe's,LOW,0000060667,2023-03-27,https://www.sec.gov/Archives/edgar/data/60667/0000060667-23-000034.txt
Lowe's,LOW,0000060667,2024-03-25,https://www.sec.gov/Archives/edgar/data/60667/0000060667-24-000033.txt
Lowe's,LOW,0000060667,2025-03-24,https://www.sec.gov/Archives/edgar/data/60667/0000060667-25-000049.txt
LPL Financial Holdings,LPLA,0001397911,2022-02-22,https://www.sec.gov/Archives/edgar/data/1397911/0001397911-22-000014.txt
LPL Financial Holdings,LPLA,0001397911,2023-02-23,https://www.sec.gov/Archives/edgar/data/1397911/0001397911-23-000024.txt
LPL Financial Holdings,LPLA,0001397911,2024-02-21,https://www.sec.gov/Archives/edgar/data/1397911/0001397911-24-000011.txt
LPL Financial Holdings,LPLA,0001397911,2025-02-20,https://www.sec.gov/Archives/edgar/data/1397911/0001397911-25-000018.txt
Lam Research,LRCX,0000707549,2022-08-24,https://www.sec.gov/Archives/edgar/data/707549/0000707549-22-000107.txt
Lam Research,LRCX,0000707549,2023-08-15,https://www.sec.gov/Archives/edgar/data/707549/0000707549-23-000102.txt
Lam Research,LRCX,0000707549,2024-08-29,https://www.sec.gov/Archives/edgar/data/707549/0000707549-24-000106.txt
Lam Research,LRCX,0000707549,2025-08-11,https://www.sec.gov/Archives/edgar/data/707549/0000707549-25-000075.txt
Lululemon athletica,LULU,0001397187,2022-03-29,https://www.sec.gov/Archives/edgar/data/1397187/0001397187-22-000014.txt
Lululemon athletica,LULU,0001397187,2023-03-28,https://www.sec.gov/Archives/edgar/data/1397187/0001397187-23-000012.txt
Lululemon athletica,LULU,0001397187,2024-03-21,https://www.sec.gov/Archives/edgar/data/1397187/0001397187-24-000010.txt
Lululemon athletica,LULU,0001397187,2025-03-27,https://www.sec.gov/Archives/edgar/data/1397187/0001397187-25-000013.txt
Lumen Technologies,LUMN,0000018926,2022-02-24,https://www.sec.gov/Archives/edgar/data/18926/0000018926-22-000007.txt
Lumen Technologies,LUMN,0000018926,2023-02-23,https://www.sec.gov/Archives/edgar/data/18926/0000018926-23-000013.txt
Lumen Technologies,LUMN,0000018926,2024-02-22,https://www.sec.gov/Archives/edgar/data/18926/0000018926-24-000016.txt
Lumen Technologies,LUMN,0000018926,2025-02-20,https://www.sec.gov/Archives/edgar/data/18926/0000018926-25-000010.txt
Southwest Airlines,LUV,0000092380,2022-02-07,https://www.sec.gov/Archives/edgar/data/92380/0000092380-22-000007.txt
Southwest Airlines,LUV,0000092380,2023-02-07,https://www.sec.gov/Archives/edgar/data/92380/0000092380-23-000010.txt
Southwest Airlines,LUV,0000092380,2024-02-06,https://www.sec.gov/Archives/edgar/data/92380/0000092380-24-000027.txt
Southwest Airlines,LUV,0000092380,2025-02-07,https://www.sec.gov/Archives/edgar/data/92380/0000092380-25-000024.txt
Las Vegas Sands,LVS,0001300514,2022-02-04,https://www.sec.gov/Archives/edgar/data/1300514/0001300514-22-000007.txt
Las Vegas Sands,LVS,0001300514,2023-02-03,https://www.sec.gov/Archives/edgar/data/1300514/0001300514-23-000021.txt
Las Vegas Sands,LVS,0001300514,2024-02-07,https://www.sec.gov/Archives/edgar/data/1300514/0001300514-24-000048.txt
Las Vegas Sands,LVS,0001300514,2025-02-07,https://www.sec.gov/Archives/edgar/data/1300514/0001300514-25-000040.txt
Live Nation Entertainment,LYV,0001335258,2022-02-23,https://www.sec.gov/Archives/edgar/data/1335258/0001335258-22-000019.txt
Live Nation Entertainment,LYV,0001335258,2023-02-23,https://www.sec.gov/Archives/edgar/data/1335258/0001335258-23-000014.txt
Live Nation Entertainment,LYV,0001335258,2024-02-22,https://www.sec.gov/Archives/edgar/data/1335258/0001335258-24-000017.txt
Live Nation Entertainment,LYV,0001335258,2025-02-21,https://www.sec.gov/Archives/edgar/data/1335258/0001335258-25-000028.txt
Macy's,M,0000794367,2022-03-25,https://www.sec.gov/Archives/edgar/data/794367/0001564590-22-011726.txt
Macy's,M,0000794367,2023-03-24,https://www.sec.gov/Archives/edgar/data/794367/0001628280-23-009154.txt
Macy's,M,0000794367,2024-03-22,https://www.sec.gov/Archives/edgar/data/794367/0001628280-24-012734.txt
Macy's,M,0000794367,2025-03-21,https://www.sec.gov/Archives/edgar/data/794367/0001628280-25-014315.txt
Mastercard,MA,0001141391,2022-02-11,https://www.sec.gov/Archives/edgar/data/1141391/0001141391-22-000023.txt
Mastercard,MA,0001141391,2023-02-14,https://www.sec.gov/Archives/edgar/data/1141391/0001141391-23-000020.txt
Mastercard,MA,0001141391,2024-02-13,https://www.sec.gov/Archives/edgar/data/1141391/0001141391-24-000022.txt
Mastercard,MA,0001141391,2025-02-12,https://www.sec.gov/Archives/edgar/data/1141391/0001141391-25-000011.txt
ManpowerGroup,MAN,0000871763,2022-02-18,https://www.sec.gov/Archives/edgar/data/871763/0000950170-22-001500.txt
ManpowerGroup,MAN,0000871763,2023-02-17,https://www.sec.gov/Archives/edgar/data/871763/0000950170-23-003214.txt
ManpowerGroup,MAN,0000871763,2024-02-16,https://www.sec.gov/Archives/edgar/data/871763/0000950170-24-016399.txt
ManpowerGroup,MAN,0000871763,2025-02-19,https://www.sec.gov/Archives/edgar/data/871763/0000950170-25-023186.txt
Marriott International,MAR,0001048286,2022-02-15,https://www.sec.gov/Archives/edgar/data/1048286/0001628280-22-002666.txt
Marriott International,MAR,0001048286,2023-02-14,https://www.sec.gov/Archives/edgar/data/1048286/0001628280-23-003485.txt
Marriott International,MAR,0001048286,2024-02-13,https://www.sec.gov/Archives/edgar/data/1048286/0001628280-24-004372.txt
Marriott International,MAR,0001048286,2025-02-11,https://www.sec.gov/Archives/edgar/data/1048286/0001628280-25-004818.txt
Masco,MAS,0000062996,2022-02-08,https://www.sec.gov/Archives/edgar/data/62996/0000062996-22-000011.txt
Masco,MAS,0000062996,2023-02-09,https://www.sec.gov/Archives/edgar/data/62996/0000062996-23-000008.txt
Masco,MAS,0000062996,2024-02-08,https://www.sec.gov/Archives/edgar/data/62996/0000062996-24-000006.txt
Masco,MAS,0000062996,2025-02-11,https://www.sec.gov/Archives/edgar/data/62996/0000062996-25-000004.txt
McDonald's,MCD,0000063908,2022-02-24,https://www.sec.gov/Archives/edgar/data/63908/0000063908-22-000011.txt
McDonald's,MCD,0000063908,2023-02-24,https://www.sec.gov/Archives/edgar/data/63908/0000063908-23-000012.txt
McDonald's,MCD,0000063908,2024-02-22,https://www.sec.gov/Archives/edgar/data/63908/0000063908-24-000072.txt
McDonald's,MCD,0000063908,2025-02-25,https://www.sec.gov/Archives/edgar/data/63908/0000063908-25-000012.txt
Microchip Technology,MCHP,0000827054,2022-05-20,https://www.sec.gov/Archives/edgar/data/827054/0000827054-22-000094.txt
Microchip Technology,MCHP,0000827054,2023-05-25,https://www.sec.gov/Archives/edgar/data/827054/0000827054-23-000080.txt
Microchip Technology,MCHP,0000827054,2024-05-23,https://www.sec.gov/Archives/edgar/data/827054/0000827054-24-000098.txt
Microchip Technology,MCHP,0000827054,2025-05-23,https://www.sec.gov/Archives/edgar/data/827054/0000827054-25-000077.txt
McKesson,MCK,0000927653,2022-05-09,https://www.sec.gov/Archives/edgar/data/927653/0000927653-22-000051.txt
McKesson,MCK,0000927653,2023-05-09,https://www.sec.gov/Archives/edgar/data/927653/0000927653-23-000038.txt
McKesson,MCK,0000927653,2024-05-08,https://www.sec.gov/Archives/edgar/data/927653/0000927653-24-000035.txt
McKesson,MCK,0000927653,2025-05-09,https://www.sec.gov/Archives/edgar/data/927653/0000927653-25-000036.txt
Mondelez International,MDLZ,0001103982,2022-02-04,https://www.sec.gov/Archives/edgar/data/1103982/0001103982-22-000003.txt
Mondelez International,MDLZ,0001103982,2023-02-03,https://www.sec.gov/Archives/edgar/data/1103982/0001103982-23-000006.txt
Mondelez International,MDLZ,0001103982,2024-02-02,https://www.sec.gov/Archives/edgar/data/1103982/0001103982-24-000019.txt
Mondelez International,MDLZ,0001103982,2025-02-05,https://www.sec.gov/Archives/edgar/data/1103982/0001103982-25-000030.txt
MetLife,MET,0001099219,2022-02-18,https://www.sec.gov/Archives/edgar/data/1099219/0001099219-22-000014.txt
MetLife,MET,0001099219,2023-02-23,https://www.sec.gov/Archives/edgar/data/1099219/0001099219-23-000045.txt
MetLife,MET,0001099219,2024-02-16,https://www.sec.gov/Archives/edgar/data/1099219/0001099219-24-000035.txt
MetLife,MET,0001099219,2025-02-21,https://www.sec.gov/Archives/edgar/data/1099219/0001099219-25-000044.txt
Meta Platforms,META,0001326801,2022-02-03,https://www.sec.gov/Archives/edgar/data/1326801/0001326801-22-000018.txt
Meta Platforms,META,0001326801,2023-02-02,https://www.sec.gov/Archives/edgar/data/1326801/0001326801-23-000013.txt
Meta Platforms,META,0001326801,2024-02-02,https://www.sec.gov/Archives/edgar/data/1326801/0001326801-24-000012.txt
Meta Platforms,META,0001326801,2025-01-30,https://www.sec.gov/Archives/edgar/data/1326801/0001326801-25-000017.txt
MGM Resorts International,MGM,0000789570,2022-02-25,https://www.sec.gov/Archives/edgar/data/789570/0000789570-22-000005.txt
MGM Resorts International,MGM,0000789570,2023-02-24,https://www.sec.gov/Archives/edgar/data/789570/0000789570-23-000008.txt
MGM Resorts International,MGM,0000789570,2024-02-23,https://www.sec.gov/Archives/edgar/data/789570/0000789570-24-000005.txt
MGM Resorts International,MGM,0000789570,2025-02-18,https://www.sec.gov/Archives/edgar/data/789570/0000789570-25-000008.txt
Mohawk Industries,MHK,0000851968,2022-02-23,https://www.sec.gov/Archives/edgar/data/851968/0000851968-22-000026.txt
Mohawk Industries,MHK,0000851968,2023-02-22,https://www.sec.gov/Archives/edgar/data/851968/0000851968-23-000033.txt
Mohawk Industries,MHK,0000851968,2024-02-23,https://www.sec.gov/Archives/edgar/data/851968/0000851968-24-000027.txt
Mohawk Industries,MHK,0000851968,2025-02-20,https://www.sec.gov/Archives/edgar/data/851968/0000851968-25-000023.txt
Markel Group,MKL,0001096343,2022-02-18,https://www.sec.gov/Archives/edgar/data/1096343/0001096343-22-000039.txt
Markel Group,MKL,0001096343,2023-02-17,https://www.sec.gov/Archives/edgar/data/1096343/0001096343-23-000033.txt
Markel Group,MKL,0001096343,2024-02-23,https://www.sec.gov/Archives/edgar/data/1096343/0001096343-24-000025.txt
Markel Group,MKL,0001096343,2025-02-24,https://www.sec.gov/Archives/edgar/data/1096343/0001096343-25-000027.txt
Marsh & McLennan,MMC,0000062709,2022-02-16,https://www.sec.gov/Archives/edgar/data/62709/0000062709-22-000009.txt
Marsh & McLennan,MMC,0000062709,2023-02-13,https://www.sec.gov/Archives/edgar/data/62709/0000062709-23-000014.txt
Marsh & McLennan,MMC,0000062709,2024-02-12,https://www.sec.gov/Archives/edgar/data/62709/0000062709-24-000016.txt
Marsh & McLennan,MMC,0000062709,2025-02-10,https://www.sec.gov/Archives/edgar/data/62709/0000062709-25-000015.txt
3M,MMM,0000066740,2022-02-09,https://www.sec.gov/Archives/edgar/data/66740/0000066740-22-000010.txt
3M,MMM,0000066740,2023-02-08,https://www.sec.gov/Archives/edgar/data/66740/0000066740-23-000014.txt
3M,MMM,0000066740,2024-02-07,https://www.sec.gov/Archives/edgar/data/66740/0000066740-24-000016.txt
3M,MMM,0000066740,2025-02-05,https://www.sec.gov/Archives/edgar/data/66740/0000066740-25-000006.txt
Monster Beverage,MNST,0000865752,2022-02-28,https://www.sec.gov/Archives/edgar/data/865752/0001104659-22-028182.txt
Monster Beverage,MNST,0000865752,2023-03-01,https://www.sec.gov/Archives/edgar/data/865752/0001104659-23-027245.txt
Monster Beverage,MNST,0000865752,2024-02-29,https://www.sec.gov/Archives/edgar/data/865752/0001104659-24-029425.txt
Monster Beverage,MNST,0000865752,2025-02-28,https://www.sec.gov/Archives/edgar/data/865752/0001410578-25-000248.txt
Altria Group,MO,0000764180,2022-02-25,https://www.sec.gov/Archives/edgar/data/764180/0000764180-22-000019.txt
Altria Group,MO,0000764180,2023-02-27,https://www.sec.gov/Archives/edgar/data/764180/0000764180-23-000020.txt
Altria Group,MO,0000764180,2024-02-27,https://www.sec.gov/Archives/edgar/data/764180/0000764180-24-000018.txt
Altria Group,MO,0000764180,2025-02-26,https://www.sec.gov/Archives/edgar/data/764180/0000764180-25-000019.txt
Molina Healthcare,MOH,0001179929,2022-02-14,https://www.sec.gov/Archives/edgar/data/1179929/0001179929-22-000025.txt
Molina Healthcare,MOH,0001179929,2023-02-13,https://www.sec.gov/Archives/edgar/data/1179929/0001179929-23-000025.txt
Molina Healthcare,MOH,0001179929,2024-02-13,https://www.sec.gov/Archives/edgar/data/1179929/0001179929-24-000033.txt
Molina Healthcare,MOH,0001179929,2025-02-11,https://www.sec.gov/Archives/edgar/data/1179929/0001179929-25-000023.txt
Mosaic,MOS,0001285785,2022-02-23,https://www.sec.gov/Archives/edgar/data/1285785/0001618034-22-000004.txt
Mosaic,MOS,0001285785,2023-02-23,https://www.sec.gov/Archives/edgar/data/1285785/0001618034-23-000003.txt
Mosaic,MOS,0001285785,2024-02-22,https://www.sec.gov/Archives/edgar/data/1285785/0001618034-24-000004.txt
Mosaic,MOS,0001285785,2025-03-03,https://www.sec.gov/Archives/edgar/data/1285785/0001618034-25-000003.txt
Marathon Petroleum,MPC,0001510295,2022-02-24,https://www.sec.gov/Archives/edgar/data/1510295/0001510295-22-000011.txt
Marathon Petroleum,MPC,0001510295,2023-02-23,https://www.sec.gov/Archives/edgar/data/1510295/0001510295-23-000012.txt
Marathon Petroleum,MPC,0001510295,2024-02-28,https://www.sec.gov/Archives/edgar/data/1510295/0001510295-24-000015.txt
Marathon Petroleum,MPC,0001510295,2025-02-27,https://www.sec.gov/Archives/edgar/data/1510295/0001510295-25-000012.txt
Merck,MRK,0000310158,2022-02-25,https://www.sec.gov/Archives/edgar/data/310158/0000310158-22-000003.txt
Merck,MRK,0000310158,2023-02-24,https://www.sec.gov/Archives/edgar/data/310158/0001628280-23-005061.txt
Merck,MRK,0000310158,2024-02-26,https://www.sec.gov/Archives/edgar/data/310158/0001628280-24-006850.txt
Merck,MRK,0000310158,2025-02-25,https://www.sec.gov/Archives/edgar/data/310158/0001628280-25-007732.txt
Morgan Stanley,MS,0000895421,2022-02-24,https://www.sec.gov/Archives/edgar/data/895421/0000895421-22-000400.txt
Morgan Stanley,MS,0000895421,2023-02-24,https://www.sec.gov/Archives/edgar/data/895421/0000895421-23-000284.txt
Morgan Stanley,MS,0000895421,2024-02-22,https://www.sec.gov/Archives/edgar/data/895421/0000895421-24-000300.txt
Morgan Stanley,MS,0000895421,2025-02-21,https://www.sec.gov/Archives/edgar/data/895421/0000895421-25-000304.txt
Microsoft,MSFT,0000789019,2022-07-28,https://www.sec.gov/Archives/edgar/data/789019/0001564590-22-026876.txt
Microsoft,MSFT,0000789019,2023-07-27,https://www.sec.gov/Archives/edgar/data/789019/0000950170-23-035122.txt
Microsoft,MSFT,0000789019,2024-07-30,https://www.sec.gov/Archives/edgar/data/789019/0000950170-24-087843.txt
Microsoft,MSFT,0000789019,2025-07-30,https://www.sec.gov/Archives/edgar/data/789019/0000950170-25-100235.txt
Motorola Solutions,MSI,0000068505,2022-02-16,https://www.sec.gov/Archives/edgar/data/68505/0000068505-22-000010.txt
Motorola Solutions,MSI,0000068505,2023-02-16,https://www.sec.gov/Archives/edgar/data/68505/0000068505-23-000015.txt
Motorola Solutions,MSI,0000068505,2024-02-15,https://www.sec.gov/Archives/edgar/data/68505/0000068505-24-000008.txt
Motorola Solutions,MSI,0000068505,2025-02-14,https://www.sec.gov/Archives/edgar/data/68505/0000068505-25-000012.txt
M&T Bank,MTB,0000036270,2022-02-16,https://www.sec.gov/Archives/edgar/data/36270/0001564590-22-005400.txt
M&T Bank,MTB,0000036270,2023-02-22,https://www.sec.gov/Archives/edgar/data/36270/0000950170-23-003804.txt
M&T Bank,MTB,0000036270,2024-02-21,https://www.sec.gov/Archives/edgar/data/36270/0000950170-24-017990.txt
M&T Bank,MTB,0000036270,2025-02-19,https://www.sec.gov/Archives/edgar/data/36270/0001628280-25-006267.txt
MasTec,MTZ,0000015615,2022-03-01,https://www.sec.gov/Archives/edgar/data/15615/0000015615-22-000011.txt
MasTec,MTZ,0000015615,2023-03-16,https://www.sec.gov/Archives/edgar/data/15615/0000015615-23-000009.txt
MasTec,MTZ,0000015615,2024-03-01,https://www.sec.gov/Archives/edgar/data/15615/0000015615-24-000021.txt
MasTec,MTZ,0000015615,2025-02-28,https://www.sec.gov/Archives/edgar/data/15615/0000015615-25-000021.txt
Micron Technology,MU,0000723125,2022-10-07,https://www.sec.gov/Archives/edgar/data/723125/0000723125-22-000048.txt
Micron Technology,MU,0000723125,2023-10-06,https://www.sec.gov/Archives/edgar/data/723125/0000723125-23-000054.txt
Micron Technology,MU,0000723125,2024-10-04,https://www.sec.gov/Archives/edgar/data/723125/0000723125-24-000027.txt
Micron Technology,MU,0000723125,2025-10-03,https://www.sec.gov/Archives/edgar/data/723125/0000723125-25-000028.txt
Murphy USA,MUSA,0001573516,2022-02-17,https://www.sec.gov/Archives/edgar/data/1573516/0001573516-22-000006.txt
Murphy USA,MUSA,0001573516,2023-02-15,https://www.sec.gov/Archives/edgar/data/1573516/0001573516-23-000011.txt
Murphy USA,MUSA,0001573516,2024-02-16,https://www.sec.gov/Archives/edgar/data/1573516/0001573516-24-000007.txt
Murphy USA,MUSA,0001573516,2025-02-20,https://www.sec.gov/Archives/edgar/data/1573516/0001573516-25-000010.txt
NextEra Energy,NEE,0000753308,2022-02-18,https://www.sec.gov/Archives/edgar/data/753308/0000753308-22-000014.txt
NextEra Energy,NEE,0000753308,2023-02-17,https://www.sec.gov/Archives/edgar/data/753308/0000753308-23-000019.txt
NextEra Energy,NEE,0000753308,2024-02-16,https://www.sec.gov/Archives/edgar/data/753308/0000753308-24-000008.txt
NextEra Energy,NEE,0000753308,2025-02-14,https://www.sec.gov/Archives/edgar/data/753308/0000753308-25-000011.txt
Newmont,NEM,0001164727,2022-02-24,https://www.sec.gov/Archives/edgar/data/1164727/0001164727-22-000007.txt
Newmont,NEM,0001164727,2023-02-23,https://www.sec.gov/Archives/edgar/data/1164727/0001164727-23-000011.txt
Newmont,NEM,0001164727,2024-02-29,https://www.sec.gov/Archives/edgar/data/1164727/0001164727-24-000016.txt
Newmont,NEM,0001164727,2025-02-21,https://www.sec.gov/Archives/edgar/data/1164727/0001164727-25-000011.txt
Netflix,NFLX,0001065280,2022-01-27,https://www.sec.gov/Archives/edgar/data/1065280/0001065280-22-000036.txt
Netflix,NFLX,0001065280,2023-01-26,https://www.sec.gov/Archives/edgar/data/1065280/0001065280-23-000035.txt
Netflix,NFLX,0001065280,2024-01-26,https://www.sec.gov/Archives/edgar/data/1065280/0001065280-24-000030.txt
Netflix,NFLX,0001065280,2025-01-27,https://www.sec.gov/Archives/edgar/data/1065280/0001065280-25-000044.txt
Nike,NKE,0000320187,2022-07-21,https://www.sec.gov/Archives/edgar/data/320187/0000320187-22-000038.txt
Nike,NKE,0000320187,2023-07-20,https://www.sec.gov/Archives/edgar/data/320187/0000320187-23-000039.txt
Nike,NKE,0000320187,2024-07-25,https://www.sec.gov/Archives/edgar/data/320187/0000320187-24-000044.txt
Nike,NKE,0000320187,2025-07-17,https://www.sec.gov/Archives/edgar/data/320187/0000320187-25-000047.txt
Northrop Grumman,NOC,0001133421,2022-01-27,https://www.sec.gov/Archives/edgar/data/1133421/0001133421-22-000004.txt
Northrop Grumman,NOC,0001133421,2023-01-26,https://www.sec.gov/Archives/edgar/data/1133421/0001133421-23-000006.txt
Northrop Grumman,NOC,0001133421,2024-01-25,https://www.sec.gov/Archives/edgar/data/1133421/0001133421-24-000006.txt
Northrop Grumman,NOC,0001133421,2025-01-30,https://www.sec.gov/Archives/edgar/data/1133421/0001133421-25-000006.txt
NOV,NOV,0001021860,2022-02-11,https://www.sec.gov/Archives/edgar/data/1021860/0001564590-22-004755.txt
NOV,NOV,0001021860,2023-02-14,https://www.sec.gov/Archives/edgar/data/1021860/0000950170-23-002767.txt
NOV,NOV,0001021860,2024-02-14,https://www.sec.gov/Archives/edgar/data/1021860/0000950170-24-015145.txt
NOV,NOV,0001021860,2025-02-14,https://www.sec.gov/Archives/edgar/data/1021860/0000950170-25-021042.txt
ServiceNow,NOW,0001373715,2022-02-03,https://www.sec.gov/Archives/edgar/data/1373715/0001373715-22-000024.txt
ServiceNow,NOW,0001373715,2023-01-31,https://www.sec.gov/Archives/edgar/data/1373715/0001373715-23-000035.txt
ServiceNow,NOW,0001373715,2024-01-25,https://www.sec.gov/Archives/edgar/data/1373715/0001373715-24-000030.txt
ServiceNow,NOW,0001373715,2025-01-30,https://www.sec.gov/Archives/edgar/data/1373715/0001373715-25-000010.txt
NRG Energy,NRG,0001013871,2022-02-24,https://www.sec.gov/Archives/edgar/data/1013871/0001013871-22-000010.txt
NRG Energy,NRG,0001013871,2023-02-23,https://www.sec.gov/Archives/edgar/data/1013871/0001013871-23-000004.txt
NRG Energy,NRG,0001013871,2024-02-28,https://www.sec.gov/Archives/edgar/data/1013871/0001013871-24-000005.txt
NRG Energy,NRG,0001013871,2025-02-26,https://www.sec.gov/Archives/edgar/data/1013871/0001013871-25-000006.txt
Norfolk Southern,NSC,0000702165,2022-02-04,https://www.sec.gov/Archives/edgar/data/702165/0000702165-22-000007.txt
Norfolk Southern,NSC,0000702165,2023-02-03,https://www.sec.gov/Archives/edgar/data/702165/0000702165-23-000010.txt
Norfolk Southern,NSC,0000702165,2024-02-05,https://www.sec.gov/Archives/edgar/data/702165/0000702165-24-000005.txt
Norfolk Southern,NSC,0000702165,2025-02-10,https://www.sec.gov/Archives/edgar/data/702165/0000702165-25-000008.txt
Insight Enterprises,NSIT,0000932696,2022-02-18,https://www.sec.gov/Archives/edgar/data/932696/0001628280-22-003153.txt
Insight Enterprises,NSIT,0000932696,2023-02-16,https://www.sec.gov/Archives/edgar/data/932696/0001628280-23-003850.txt
Insight Enterprises,NSIT,0000932696,2024-02-22,https://www.sec.gov/Archives/edgar/data/932696/0001628280-24-006391.txt
Insight Enterprises,NSIT,0000932696,2025-02-14,https://www.sec.gov/Archives/edgar/data/932696/0001628280-25-005817.txt
Northern Trust,NTRS,0000073124,2022-02-28,https://www.sec.gov/Archives/edgar/data/73124/0000073124-22-000071.txt
Northern Trust,NTRS,0000073124,2023-02-28,https://www.sec.gov/Archives/edgar/data/73124/0000073124-23-000049.txt
Northern Trust,NTRS,0000073124,2024-02-27,https://www.sec.gov/Archives/edgar/data/73124/0000073124-24-000073.txt
Northern Trust,NTRS,0000073124,2025-02-24,https://www.sec.gov/Archives/edgar/data/73124/0000073124-25-000105.txt
Nucor,NUE,0000073309,2022-02-28,https://www.sec.gov/Archives/edgar/data/73309/0001564590-22-007679.txt
Nucor,NUE,0000073309,2023-03-01,https://www.sec.gov/Archives/edgar/data/73309/0001564590-23-002793.txt
Nucor,NUE,0000073309,2024-02-27,https://www.sec.gov/Archives/edgar/data/73309/0000950170-24-021195.txt
Nucor,NUE,0000073309,2025-02-27,https://www.sec.gov/Archives/edgar/data/73309/0000950170-25-028427.txt
Nvidia,NVDA,0001045810,2022-03-18,https://www.sec.gov/Archives/edgar/data/1045810/0001045810-22-000036.txt
Nvidia,NVDA,0001045810,2023-02-24,https://www.sec.gov/Archives/edgar/data/1045810/0001045810-23-000017.txt
Nvidia,NVDA,0001045810,2024-02-21,https://www.sec.gov/Archives/edgar/data/1045810/0001045810-24-000029.txt
Nvidia,NVDA,0001045810,2025-02-26,https://www.sec.gov/Archives/edgar/data/1045810/0001045810-25-000023.txt
NVR,NVR,0000906163,2022-02-16,https://www.sec.gov/Archives/edgar/data/906163/0000906163-22-000008.txt
NVR,NVR,0000906163,2023-02-15,https://www.sec.gov/Archives/edgar/data/906163/0000906163-23-000023.txt
NVR,NVR,0000906163,2024-02-14,https://www.sec.gov/Archives/edgar/data/906163/0000906163-24-000033.txt
NVR,NVR,0000906163,2025-02-12,https://www.sec.gov/Archives/edgar/data/906163/0000906163-25-000011.txt
Newell Brands,NWL,0000814453,2022-02-14,https://www.sec.gov/Archives/edgar/data/814453/0000814453-22-000017.txt
Newell Brands,NWL,0000814453,2023-02-15,https://www.sec.gov/Archives/edgar/data/814453/0000814453-23-000026.txt
Newell Brands,NWL,0000814453,2024-02-21,https://www.sec.gov/Archives/edgar/data/814453/0000814453-24-000017.txt
Newell Brands,NWL,0000814453,2025-02-14,https://www.sec.gov/Archives/edgar/data/814453/0000814453-25-000008.txt
News Corp.,NWSA,0001564708,2022-08-12,https://www.sec.gov/Archives/edgar/data/1564708/0001564708-22-000265.txt
News Corp.,NWSA,0001564708,2023-08-15,https://www.sec.gov/Archives/edgar/data/1564708/0001564708-23-000368.txt
News Corp.,NWSA,0001564708,2024-08-13,https://www.sec.gov/Archives/edgar/data/1564708/0001564708-24-000408.txt
News Corp.,NWSA,0001564708,2025-08-06,https://www.sec.gov/Archives/edgar/data/1564708/0001564708-25-000419.txt
Owens Corning,OC,0001370946,2022-02-16,https://www.sec.gov/Archives/edgar/data/1370946/0001370946-22-000010.txt
Owens Corning,OC,0001370946,2023-02-15,https://www.sec.gov/Archives/edgar/data/1370946/0001370946-23-000010.txt
Owens Corning,OC,0001370946,2024-02-14,https://www.sec.gov/Archives/edgar/data/1370946/0001370946-24-000046.txt
Owens Corning,OC,0001370946,2025-02-24,https://www.sec.gov/Archives/edgar/data/1370946/0001370946-25-000077.txt
Oneok,OKE,0001039684,2022-03-01,https://www.sec.gov/Archives/edgar/data/1039684/0001039684-22-000015.txt
Oneok,OKE,0001039684,2023-02-28,https://www.sec.gov/Archives/edgar/data/1039684/0001039684-23-000016.txt
Oneok,OKE,0001039684,2024-02-27,https://www.sec.gov/Archives/edgar/data/1039684/0001039684-24-000015.txt
Oneok,OKE,0001039684,2025-02-25,https://www.sec.gov/Archives/edgar/data/1039684/0001039684-25-000036.txt
Omnicom Group,OMC,0000029989,2022-02-09,https://www.sec.gov/Archives/edgar/data/29989/0000029989-22-000012.txt
Omnicom Group,OMC,0000029989,2023-02-08,https://www.sec.gov/Archives/edgar/data/29989/0000029989-23-000005.txt
Omnicom Group,OMC,0000029989,2024-02-07,https://www.sec.gov/Archives/edgar/data/29989/0000029989-24-000007.txt
Omnicom Group,OMC,0000029989,2025-02-05,https://www.sec.gov/Archives/edgar/data/29989/0000029989-25-000009.txt
Owens & Minor,OMI,0000075252,2022-02-23,https://www.sec.gov/Archives/edgar/data/75252/0000075252-22-000009.txt
Owens & Minor,OMI,0000075252,2023-02-28,https://www.sec.gov/Archives/edgar/data/75252/0000075252-23-000010.txt
Owens & Minor,OMI,0000075252,2024-02-20,https://www.sec.gov/Archives/edgar/data/75252/0001558370-24-001369.txt
Owens & Minor,OMI,0000075252,2025-02-28,https://www.sec.gov/Archives/edgar/data/75252/0001558370-25-001940.txt
Oracle,ORCL,0001341439,2022-06-21,https://www.sec.gov/Archives/edgar/data/1341439/0001564590-22-023675.txt
Oracle,ORCL,0001341439,2023-06-20,https://www.sec.gov/Archives/edgar/data/1341439/0000950170-23-028914.txt
Oracle,ORCL,0001341439,2024-06-20,https://www.sec.gov/Archives/edgar/data/1341439/0000950170-24-075605.txt
Oracle,ORCL,0001341439,2025-06-18,https://www.sec.gov/Archives/edgar/data/1341439/0000950170-25-087926.txt
Old Republic International,ORI,0000074260,2022-02-28,https://www.sec.gov/Archives/edgar/data/74260/0000074260-22-000012.txt
Old Republic International,ORI,0000074260,2023-02-24,https://www.sec.gov/Archives/edgar/data/74260/0000074260-23-000014.txt
Old Republic International,ORI,0000074260,2024-02-28,https://www.sec.gov/Archives/edgar/data/74260/0000074260-24-000021.txt
Old Republic International,ORI,0000074260,2025-02-27,https://www.sec.gov/Archives/edgar/data/74260/0000074260-25-000042.txt
O'Reilly Automotive,ORLY,0000898173,2022-02-28,https://www.sec.gov/Archives/edgar/data/898173/0000898173-22-000012.txt
O'Reilly Automotive,ORLY,0000898173,2023-02-28,https://www.sec.gov/Archives/edgar/data/898173/0000898173-23-000011.txt
O'Reilly Automotive,ORLY,0000898173,2024-02-28,https://www.sec.gov/Archives/edgar/data/898173/0000898173-24-000009.txt
O'Reilly Automotive,ORLY,0000898173,2025-02-28,https://www.sec.gov/Archives/edgar/data/898173/0000898173-25-000008.txt
Oscar Health,OSCR,0001568651,2022-02-25,https://www.sec.gov/Archives/edgar/data/1568651/0001568651-22-000011.txt
Oscar Health,OSCR,0001568651,2023-02-24,https://www.sec.gov/Archives/edgar/data/1568651/0001568651-23-000017.txt
Oscar Health,OSCR,0001568651,2024-02-15,https://www.sec.gov/Archives/edgar/data/1568651/0001568651-24-000006.txt
Oscar Health,OSCR,0001568651,2025-02-20,https://www.sec.gov/Archives/edgar/data/1568651/0001568651-25-000008.txt
Oshkosh,OSK,0000775158,2023-02-21,https://www.sec.gov/Archives/edgar/data/775158/0000950170-23-003473.txt
Oshkosh,OSK,0000775158,2024-02-29,https://www.sec.gov/Archives/edgar/data/775158/0000950170-24-022841.txt
Oshkosh,OSK,0000775158,2025-02-20,https://www.sec.gov/Archives/edgar/data/775158/0000950170-25-024305.txt
Otis Worldwide,OTIS,0001781335,2022-02-04,https://www.sec.gov/Archives/edgar/data/1781335/0001781335-22-000007.txt
Otis Worldwide,OTIS,0001781335,2023-02-03,https://www.sec.gov/Archives/edgar/data/1781335/0001781335-23-000009.txt
Otis Worldwide,OTIS,0001781335,2024-02-02,https://www.sec.gov/Archives/edgar/data/1781335/0001781335-24-000013.txt
Otis Worldwide,OTIS,0001781335,2025-02-04,https://www.sec.gov/Archives/edgar/data/1781335/0001781335-25-000010.txt
Ovintiv,OVV,0001792580,2022-02-25,https://www.sec.gov/Archives/edgar/data/1792580/0001564590-22-006978.txt
Ovintiv,OVV,0001792580,2023-02-27,https://www.sec.gov/Archives/edgar/data/1792580/0001564590-23-002595.txt
Ovintiv,OVV,0001792580,2024-02-27,https://www.sec.gov/Archives/edgar/data/1792580/0000950170-24-021368.txt
Ovintiv,OVV,0001792580,2025-02-26,https://www.sec.gov/Archives/edgar/data/1792580/0000950170-25-027914.txt
Occidental Petroleum,OXY,0000797468,2022-02-24,https://www.sec.gov/Archives/edgar/data/797468/0000797468-22-000008.txt
Occidental Petroleum,OXY,0000797468,2023-02-27,https://www.sec.gov/Archives/edgar/data/797468/0000797468-23-000011.txt
Occidental Petroleum,OXY,0000797468,2024-02-14,https://www.sec.gov/Archives/edgar/data/797468/0000797468-24-000034.txt
Occidental Petroleum,OXY,0000797468,2025-02-18,https://www.sec.gov/Archives/edgar/data/797468/0000797468-25-000029.txt
Penske Automotive Group,PAG,0001019849,2022-02-18,https://www.sec.gov/Archives/edgar/data/1019849/0001019849-22-000013.txt
Penske Automotive Group,PAG,0001019849,2023-02-21,https://www.sec.gov/Archives/edgar/data/1019849/0001019849-23-000038.txt
Penske Automotive Group,PAG,0001019849,2024-02-16,https://www.sec.gov/Archives/edgar/data/1019849/0001019849-24-000033.txt
Penske Automotive Group,PAG,0001019849,2025-02-21,https://www.sec.gov/Archives/edgar/data/1019849/0001019849-25-000022.txt
Plains GP Holdings,PAGP,0001581990,2022-03-01,https://www.sec.gov/Archives/edgar/data/1581990/0001581990-22-000006.txt
Plains GP Holdings,PAGP,0001581990,2023-03-01,https://www.sec.gov/Archives/edgar/data/1581990/0001581990-23-000005.txt
Plains GP Holdings,PAGP,0001581990,2024-02-29,https://www.sec.gov/Archives/edgar/data/1581990/0001581990-24-000008.txt
Plains GP Holdings,PAGP,0001581990,2025-02-28,https://www.sec.gov/Archives/edgar/data/1581990/0001581990-25-000006.txt
Palo Alto Networks,PANW,0001327567,2022-09-06,https://www.sec.gov/Archives/edgar/data/1327567/0001327567-22-000028.txt
Palo Alto Networks,PANW,0001327567,2023-09-01,https://www.sec.gov/Archives/edgar/data/1327567/0001327567-23-000024.txt
Palo Alto Networks,PANW,0001327567,2024-09-06,https://www.sec.gov/Archives/edgar/data/1327567/0001327567-24-000029.txt
Palo Alto Networks,PANW,0001327567,2025-08-29,https://www.sec.gov/Archives/edgar/data/1327567/0001327567-25-000027.txt
Paramount Global,PARA,0000813828,2022-02-15,https://www.sec.gov/Archives/edgar/data/813828/0000813828-22-000005.txt
Paramount Global,PARA,0000813828,2023-02-16,https://www.sec.gov/Archives/edgar/data/813828/0000813828-23-000005.txt
Paramount Global,PARA,0000813828,2024-02-28,https://www.sec.gov/Archives/edgar/data/813828/0000813828-24-000007.txt
Paramount Global,PARA,0000813828,2025-02-26,https://www.sec.gov/Archives/edgar/data/813828/0000813828-25-000005.txt
Par Pacific Holdings,PARR,0000821483,2022-02-25,https://www.sec.gov/Archives/edgar/data/821483/0000821483-22-000017.txt
Par Pacific Holdings,PARR,0000821483,2023-02-27,https://www.sec.gov/Archives/edgar/data/821483/0000821483-23-000008.txt
Par Pacific Holdings,PARR,0000821483,2024-02-29,https://www.sec.gov/Archives/edgar/data/821483/0000821483-24-000008.txt
Par Pacific Holdings,PARR,0000821483,2025-02-28,https://www.sec.gov/Archives/edgar/data/821483/0000821483-25-000010.txt
PBF Energy,PBF,0001534504,2022-02-17,https://www.sec.gov/Archives/edgar/data/1534504/0001534504-22-000007.txt
PBF Energy,PBF,0001534504,2023-02-16,https://www.sec.gov/Archives/edgar/data/1534504/0001534504-23-000011.txt
PBF Energy,PBF,0001534504,2024-02-15,https://www.sec.gov/Archives/edgar/data/1534504/0001534504-24-000011.txt
PBF Energy,PBF,0001534504,2025-02-13,https://www.sec.gov/Archives/edgar/data/1534504/0001534504-25-000011.txt
Paccar,PCAR,0000075362,2022-02-23,https://www.sec.gov/Archives/edgar/data/75362/0001564590-22-006237.txt
Paccar,PCAR,0000075362,2023-02-22,https://www.sec.gov/Archives/edgar/data/75362/0001564590-23-002203.txt
Paccar,PCAR,0000075362,2024-02-21,https://www.sec.gov/Archives/edgar/data/75362/0000950170-24-017900.txt
Paccar,PCAR,0000075362,2025-02-19,https://www.sec.gov/Archives/edgar/data/75362/0000950170-25-023145.txt
PG&E,PCG,0001004980,2022-02-10,https://www.sec.gov/Archives/edgar/data/1004980/0001004980-22-000009.txt
PG&E,PCG,0001004980,2023-02-23,https://www.sec.gov/Archives/edgar/data/1004980/0001004980-23-000029.txt
PG&E,PCG,0001004980,2024-02-22,https://www.sec.gov/Archives/edgar/data/1004980/0001004980-24-000014.txt
PG&E,PCG,0001004980,2025-02-13,https://www.sec.gov/Archives/edgar/data/1004980/0001004980-25-000010.txt
Public Service Enterprise Group,PEG,0000788784,2022-02-24,https://www.sec.gov/Archives/edgar/data/788784/0001628280-22-003860.txt
Public Service Enterprise Group,PEG,0000788784,2023-02-22,https://www.sec.gov/Archives/edgar/data/788784/0001628280-23-004411.txt
Public Service Enterprise Group,PEG,0000788784,2024-02-26,https://www.sec.gov/Archives/edgar/data/788784/0001628280-24-006885.txt
Public Service Enterprise Group,PEG,0000788784,2025-02-25,https://www.sec.gov/Archives/edgar/data/788784/0000950170-25-026874.txt
PepsiCo,PEP,0000077476,2022-02-10,https://www.sec.gov/Archives/edgar/data/77476/0000077476-22-000010.txt
PepsiCo,PEP,0000077476,2023-02-09,https://www.sec.gov/Archives/edgar/data/77476/0000077476-23-000007.txt
PepsiCo,PEP,0000077476,2024-02-09,https://www.sec.gov/Archives/edgar/data/77476/0000077476-24-000008.txt
PepsiCo,PEP,0000077476,2025-02-04,https://www.sec.gov/Archives/edgar/data/77476/0000077476-25-000007.txt
Pfizer,PFE,0000078003,2022-02-24,https://www.sec.gov/Archives/edgar/data/78003/0000078003-22-000027.txt
Pfizer,PFE,0000078003,2023-02-23,https://www.sec.gov/Archives/edgar/data/78003/0000078003-23-000024.txt
Pfizer,PFE,0000078003,2024-02-22,https://www.sec.gov/Archives/edgar/data/78003/0000078003-24-000039.txt
Pfizer,PFE,0000078003,2025-02-27,https://www.sec.gov/Archives/edgar/data/78003/0000078003-25-000054.txt
Principal Financial,PFG,0001126328,2022-02-11,https://www.sec.gov/Archives/edgar/data/1126328/0001104659-22-020401.txt
Principal Financial,PFG,0001126328,2023-02-16,https://www.sec.gov/Archives/edgar/data/1126328/0001104659-23-022860.txt
Principal Financial,PFG,0001126328,2024-02-20,https://www.sec.gov/Archives/edgar/data/1126328/0001104659-24-025516.txt
Principal Financial,PFG,0001126328,2025-02-19,https://www.sec.gov/Archives/edgar/data/1126328/0001410578-25-000160.txt
Performance Food Group,PFGC,0001618673,2022-08-19,https://www.sec.gov/Archives/edgar/data/1618673/0000950170-22-017624.txt
Performance Food Group,PFGC,0001618673,2023-08-16,https://www.sec.gov/Archives/edgar/data/1618673/0000950170-23-043011.txt
Performance Food Group,PFGC,0001618673,2024-08-14,https://www.sec.gov/Archives/edgar/data/1618673/0000950170-24-097033.txt
Performance Food Group,PFGC,0001618673,2025-08-13,https://www.sec.gov/Archives/edgar/data/1618673/0001618673-25-000012.txt
Procter & Gamble,PG,0000080424,2022-08-05,https://www.sec.gov/Archives/edgar/data/80424/0000080424-22-000064.txt
Procter & Gamble,PG,0000080424,2023-08-04,https://www.sec.gov/Archives/edgar/data/80424/0000080424-23-000073.txt
Procter & Gamble,PG,0000080424,2024-08-05,https://www.sec.gov/Archives/edgar/data/80424/0000080424-24-000083.txt
Procter & Gamble,PG,0000080424,2025-08-04,https://www.sec.gov/Archives/edgar/data/80424/0000080424-25-000076.txt
Progressive,PGR,0000080661,2022-02-28,https://www.sec.gov/Archives/edgar/data/80661/0000080661-22-000046.txt
Progressive,PGR,0000080661,2023-02-27,https://www.sec.gov/Archives/edgar/data/80661/0000080661-23-000006.txt
Progressive,PGR,0000080661,2024-02-26,https://www.sec.gov/Archives/edgar/data/80661/0000080661-24-000007.txt
Progressive,PGR,0000080661,2025-03-03,https://www.sec.gov/Archives/edgar/data/80661/0000080661-25-000007.txt
Parker-Hannifin,PH,0000076334,2022-08-24,https://www.sec.gov/Archives/edgar/data/76334/0000076334-22-000034.txt
Parker-Hannifin,PH,0000076334,2023-08-24,https://www.sec.gov/Archives/edgar/data/76334/0000076334-23-000042.txt
Parker-Hannifin,PH,0000076334,2024-08-22,https://www.sec.gov/Archives/edgar/data/76334/0000076334-24-000044.txt
Parker-Hannifin,PH,0000076334,2025-08-22,https://www.sec.gov/Archives/edgar/data/76334/0000076334-25-000035.txt
PulteGroup,PHM,0000822416,2022-02-07,https://www.sec.gov/Archives/edgar/data/822416/0000822416-22-000007.txt
PulteGroup,PHM,0000822416,2023-02-06,https://www.sec.gov/Archives/edgar/data/822416/0000822416-23-000007.txt
PulteGroup,PHM,0000822416,2024-02-05,https://www.sec.gov/Archives/edgar/data/822416/0000822416-24-000010.txt
PulteGroup,PHM,0000822416,2025-02-06,https://www.sec.gov/Archives/edgar/data/822416/0000822416-25-000007.txt
Packaging Corp. of America,PKG,0000075677,2022-02-24,https://www.sec.gov/Archives/edgar/data/75677/0000950170-22-001913.txt
Packaging Corp. of America,PKG,0000075677,2023-02-23,https://www.sec.gov/Archives/edgar/data/75677/0000950170-23-003990.txt
Packaging Corp. of America,PKG,0000075677,2024-02-29,https://www.sec.gov/Archives/edgar/data/75677/0000950170-24-022794.txt
Packaging Corp. of America,PKG,0000075677,2025-02-27,https://www.sec.gov/Archives/edgar/data/75677/0000950170-25-028533.txt
Prologis,PLD,0001045609,2022-02-09,https://www.sec.gov/Archives/edgar/data/1045609/0001564590-22-004436.txt
Prologis,PLD,0001045609,2023-02-14,https://www.sec.gov/Archives/edgar/data/1045609/0001564590-23-001902.txt
Prologis,PLD,0001045609,2024-02-13,https://www.sec.gov/Archives/edgar/data/1045609/0000950170-24-014539.txt
Prologis,PLD,0001045609,2025-02-14,https://www.sec.gov/Archives/edgar/data/1045609/0000950170-25-021272.txt
Philip Morris International,PM,0001413329,2022-02-11,https://www.sec.gov/Archives/edgar/data/1413329/0001413329-22-000011.txt
Philip Morris International,PM,0001413329,2023-02-10,https://www.sec.gov/Archives/edgar/data/1413329/0001413329-23-000025.txt
Philip Morris International,PM,0001413329,2024-02-08,https://www.sec.gov/Archives/edgar/data/1413329/0001413329-24-000013.txt
Philip Morris International,PM,0001413329,2025-02-06,https://www.sec.gov/Archives/edgar/data/1413329/0001413329-25-000013.txt
PNC Financial Services Group,PNC,0000713676,2022-02-25,https://www.sec.gov/Archives/edgar/data/713676/0000713676-22-000019.txt
PNC Financial Services Group,PNC,0000713676,2023-02-22,https://www.sec.gov/Archives/edgar/data/713676/0000713676-23-000020.txt
PNC Financial Services Group,PNC,0000713676,2024-02-21,https://www.sec.gov/Archives/edgar/data/713676/0000713676-24-000028.txt
PNC Financial Services Group,PNC,0000713676,2025-02-21,https://www.sec.gov/Archives/edgar/data/713676/0000713676-25-000027.txt
Post Holdings,POST,0001530950,2022-11-17,https://www.sec.gov/Archives/edgar/data/1530950/0001530950-22-000375.txt
Post Holdings,POST,0001530950,2023-11-17,https://www.sec.gov/Archives/edgar/data/1530950/0001530950-23-000350.txt
Post Holdings,POST,0001530950,2024-11-15,https://www.sec.gov/Archives/edgar/data/1530950/0001530950-24-000365.txt
Post Holdings,POST,0001530950,2025-11-21,https://www.sec.gov/Archives/edgar/data/1530950/0001530950-25-000260.txt
PPG Industries,PPG,0000079879,2022-02-17,https://www.sec.gov/Archives/edgar/data/79879/0000079879-22-000009.txt
PPG Industries,PPG,0000079879,2023-02-16,https://www.sec.gov/Archives/edgar/data/79879/0000079879-23-000007.txt
PPG Industries,PPG,0000079879,2024-02-15,https://www.sec.gov/Archives/edgar/data/79879/0000079879-24-000040.txt
PPG Industries,PPG,0000079879,2025-02-20,https://www.sec.gov/Archives/edgar/data/79879/0000079879-25-000034.txt
PPL,PPL,0000922224,2022-02-18,https://www.sec.gov/Archives/edgar/data/922224/0000922224-22-000005.txt
PPL,PPL,0000922224,2023-02-17,https://www.sec.gov/Archives/edgar/data/922224/0000922224-23-000010.txt
PPL,PPL,0000922224,2024-02-16,https://www.sec.gov/Archives/edgar/data/922224/0000922224-24-000008.txt
PPL,PPL,0000922224,2025-02-13,https://www.sec.gov/Archives/edgar/data/922224/0000922224-25-000009.txt
Prudential Financial,PRU,0001137774,2022-02-17,https://www.sec.gov/Archives/edgar/data/1137774/0001137774-22-000038.txt
Prudential Financial,PRU,0001137774,2023-02-16,https://www.sec.gov/Archives/edgar/data/1137774/0001137774-23-000040.txt
Prudential Financial,PRU,0001137774,2024-02-21,https://www.sec.gov/Archives/edgar/data/1137774/0001137774-24-000045.txt
Prudential Financial,PRU,0001137774,2025-02-13,https://www.sec.gov/Archives/edgar/data/1137774/0001137774-25-000044.txt
Phillips 66,PSX,0001534701,2022-02-18,https://www.sec.gov/Archives/edgar/data/1534701/0001534701-22-000078.txt
Phillips 66,PSX,0001534701,2023-02-22,https://www.sec.gov/Archives/edgar/data/1534701/0001534701-23-000053.txt
Phillips 66,PSX,0001534701,2024-02-21,https://www.sec.gov/Archives/edgar/data/1534701/0001534701-24-000078.txt
Phillips 66,PSX,0001534701,2025-02-21,https://www.sec.gov/Archives/edgar/data/1534701/0001534701-25-000074.txt
PVH,PVH,0000078239,2022-03-30,https://www.sec.gov/Archives/edgar/data/78239/0000078239-22-000031.txt
PVH,PVH,0000078239,2023-03-28,https://www.sec.gov/Archives/edgar/data/78239/0000078239-23-000014.txt
PVH,PVH,0000078239,2024-04-02,https://www.sec.gov/Archives/edgar/data/78239/0000078239-24-000013.txt
PVH,PVH,0000078239,2025-04-01,https://www.sec.gov/Archives/edgar/data/78239/0000078239-25-000018.txt
Quanta Services,PWR,0001050915,2022-02-25,https://www.sec.gov/Archives/edgar/data/1050915/0001050915-22-000008.txt
Quanta Services,PWR,0001050915,2023-02-23,https://www.sec.gov/Archives/edgar/data/1050915/0001050915-23-000010.txt
Quanta Services,PWR,0001050915,2024-02-22,https://www.sec.gov/Archives/edgar/data/1050915/0001050915-24-000009.txt
Quanta Services,PWR,0001050915,2025-02-20,https://www.sec.gov/Archives/edgar/data/1050915/0001050915-25-000005.txt
PayPal Holdings,PYPL,0001633917,2022-02-03,https://www.sec.gov/Archives/edgar/data/1633917/0001633917-22-000027.txt
PayPal Holdings,PYPL,0001633917,2023-02-10,https://www.sec.gov/Archives/edgar/data/1633917/0001633917-23-000033.txt
PayPal Holdings,PYPL,0001633917,2024-02-08,https://www.sec.gov/Archives/edgar/data/1633917/0001633917-24-000024.txt
PayPal Holdings,PYPL,0001633917,2025-02-04,https://www.sec.gov/Archives/edgar/data/1633917/0001633917-25-000019.txt
Qualcomm,QCOM,0000804328,2022-11-02,https://www.sec.gov/Archives/edgar/data/804328/0000804328-22-000021.txt
Qualcomm,QCOM,0000804328,2023-11-01,https://www.sec.gov/Archives/edgar/data/804328/0000804328-23-000055.txt
Qualcomm,QCOM,0000804328,2024-11-06,https://www.sec.gov/Archives/edgar/data/804328/0000804328-24-000075.txt
Qualcomm,QCOM,0000804328,2025-11-05,https://www.sec.gov/Archives/edgar/data/804328/0000804328-25-000085.txt
QVC Group,QVCGA,0001355096,2022-02-25,https://www.sec.gov/Archives/edgar/data/1355096/0001558370-22-002174.txt
QVC Group,QVCGA,0001355096,2023-03-01,https://www.sec.gov/Archives/edgar/data/1355096/0001558370-23-002572.txt
QVC Group,QVCGA,0001355096,2024-02-28,https://www.sec.gov/Archives/edgar/data/1355096/0001558370-24-002032.txt
QVC Group,QVCGA,0001355096,2025-02-27,https://www.sec.gov/Archives/edgar/data/1355096/0001558370-25-001837.txt
Ryder System,R,0000085961,2022-02-17,https://www.sec.gov/Archives/edgar/data/85961/0000085961-22-000055.txt
Ryder System,R,0000085961,2023-02-15,https://www.sec.gov/Archives/edgar/data/85961/0000085961-23-000031.txt
Ryder System,R,0000085961,2024-02-20,https://www.sec.gov/Archives/edgar/data/85961/0000085961-24-000030.txt
Ryder System,R,0000085961,2025-02-12,https://www.sec.gov/Archives/edgar/data/85961/0000085961-25-000032.txt
Regeneron Pharmaceuticals,REGN,0000872589,2022-02-07,https://www.sec.gov/Archives/edgar/data/872589/0001804220-22-000007.txt
Regeneron Pharmaceuticals,REGN,0000872589,2023-02-06,https://www.sec.gov/Archives/edgar/data/872589/0001804220-23-000008.txt
Regeneron Pharmaceuticals,REGN,0000872589,2024-02-05,https://www.sec.gov/Archives/edgar/data/872589/0001804220-24-000009.txt
Regeneron Pharmaceuticals,REGN,0000872589,2025-02-05,https://www.sec.gov/Archives/edgar/data/872589/0001804220-25-000011.txt
Regions Financial,RF,0001281761,2022-02-24,https://www.sec.gov/Archives/edgar/data/1281761/0001281761-22-000016.txt
Regions Financial,RF,0001281761,2023-02-24,https://www.sec.gov/Archives/edgar/data/1281761/0001281761-23-000012.txt
Regions Financial,RF,0001281761,2024-02-23,https://www.sec.gov/Archives/edgar/data/1281761/0001281761-24-000010.txt
Regions Financial,RF,0001281761,2025-02-21,https://www.sec.gov/Archives/edgar/data/1281761/0001281761-25-000010.txt
Reinsurance Group of America,RGA,0000898174,2022-02-25,https://www.sec.gov/Archives/edgar/data/898174/0000898174-22-000005.txt
Reinsurance Group of America,RGA,0000898174,2023-02-24,https://www.sec.gov/Archives/edgar/data/898174/0000898174-23-000046.txt
Reinsurance Group of America,RGA,0000898174,2024-02-26,https://www.sec.gov/Archives/edgar/data/898174/0000898174-24-000048.txt
Reinsurance Group of America,RGA,0000898174,2025-02-21,https://www.sec.gov/Archives/edgar/data/898174/0000898174-25-000027.txt
Raymond James Financial,RJF,0000720005,2022-11-22,https://www.sec.gov/Archives/edgar/data/720005/0000720005-22-000066.txt
Raymond James Financial,RJF,0000720005,2023-11-21,https://www.sec.gov/Archives/edgar/data/720005/0000720005-23-000079.txt
Raymond James Financial,RJF,0000720005,2024-11-26,https://www.sec.gov/Archives/edgar/data/720005/0000720005-24-000069.txt
Raymond James Financial,RJF,0000720005,2025-11-25,https://www.sec.gov/Archives/edgar/data/720005/0000720005-25-000093.txt
Rockwell Automation,ROK,0001024478,2022-11-08,https://www.sec.gov/Archives/edgar/data/1024478/0001024478-22-000093.txt
Rockwell Automation,ROK,0001024478,2023-11-08,https://www.sec.gov/Archives/edgar/data/1024478/0001024478-23-000126.txt
Rockwell Automation,ROK,0001024478,2024-11-12,https://www.sec.gov/Archives/edgar/data/1024478/0001024478-24-000107.txt
Rockwell Automation,ROK,0001024478,2025-11-12,https://www.sec.gov/Archives/edgar/data/1024478/0001024478-25-000116.txt
Ross Stores,ROST,0000745732,2022-03-29,https://www.sec.gov/Archives/edgar/data/745732/0000745732-22-000014.txt
Ross Stores,ROST,0000745732,2023-03-28,https://www.sec.gov/Archives/edgar/data/745732/0000745732-23-000013.txt
Ross Stores,ROST,0000745732,2024-04-02,https://www.sec.gov/Archives/edgar/data/745732/0000745732-24-000009.txt
Ross Stores,ROST,0000745732,2025-04-01,https://www.sec.gov/Archives/edgar/data/745732/0000745732-25-000010.txt
Reliance,RS,0000861884,2022-02-24,https://www.sec.gov/Archives/edgar/data/861884/0001558370-22-001918.txt
Reliance,RS,0000861884,2023-02-28,https://www.sec.gov/Archives/edgar/data/861884/0001558370-23-002368.txt
Reliance,RS,0000861884,2024-02-29,https://www.sec.gov/Archives/edgar/data/861884/0001558370-24-002166.txt
Reliance,RS,0000861884,2025-02-27,https://www.sec.gov/Archives/edgar/data/861884/0001558370-25-001806.txt
Republic Services,RSG,0001060391,2022-02-11,https://www.sec.gov/Archives/edgar/data/1060391/0001060391-22-000007.txt
Republic Services,RSG,0001060391,2023-02-23,https://www.sec.gov/Archives/edgar/data/1060391/0001060391-23-000008.txt
Republic Services,RSG,0001060391,2024-02-29,https://www.sec.gov/Archives/edgar/data/1060391/0001060391-24-000142.txt
Republic Services,RSG,0001060391,2025-02-14,https://www.sec.gov/Archives/edgar/data/1060391/0001060391-25-000091.txt
RTX,RTX,0000101829,2022-02-11,https://www.sec.gov/Archives/edgar/data/101829/0000101829-22-000005.txt
RTX,RTX,0000101829,2023-02-07,https://www.sec.gov/Archives/edgar/data/101829/0000101829-23-000009.txt
RTX,RTX,0000101829,2024-02-05,https://www.sec.gov/Archives/edgar/data/101829/0000101829-24-000008.txt
RTX,RTX,0000101829,2025-02-03,https://www.sec.gov/Archives/edgar/data/101829/0000101829-25-000005.txt
Rush Enterprises,RUSHB,0001012019,2022-02-24,https://www.sec.gov/Archives/edgar/data/1012019/0001437749-22-004355.txt
Rush Enterprises,RUSHB,0001012019,2023-02-23,https://www.sec.gov/Archives/edgar/data/1012019/0001437749-23-004391.txt
Rush Enterprises,RUSHB,0001012019,2024-02-23,https://www.sec.gov/Archives/edgar/data/1012019/0001437749-24-005362.txt
Rush Enterprises,RUSHB,0001012019,2025-02-24,https://www.sec.gov/Archives/edgar/data/1012019/0001437749-25-004794.txt
Sonic Automotive,SAH,0001043509,2022-02-25,https://www.sec.gov/Archives/edgar/data/1043509/0001043509-22-000004.txt
Sonic Automotive,SAH,0001043509,2023-02-17,https://www.sec.gov/Archives/edgar/data/1043509/0001043509-23-000003.txt
Sonic Automotive,SAH,0001043509,2024-02-22,https://www.sec.gov/Archives/edgar/data/1043509/0001043509-24-000022.txt
Sonic Automotive,SAH,0001043509,2025-02-19,https://www.sec.gov/Archives/edgar/data/1043509/0001043509-25-000003.txt
Science Applications International,SAIC,0001571123,2022-03-28,https://www.sec.gov/Archives/edgar/data/1571123/0001571123-22-000007.txt
Science Applications International,SAIC,0001571123,2023-04-03,https://www.sec.gov/Archives/edgar/data/1571123/0001571123-23-000031.txt
Science Applications International,SAIC,0001571123,2024-03-20,https://www.sec.gov/Archives/edgar/data/1571123/0001571123-24-000045.txt
Science Applications International,SAIC,0001571123,2025-03-17,https://www.sec.gov/Archives/edgar/data/1571123/0001571123-25-000022.txt
Sanmina,SANM,0000897723,2022-11-10,https://www.sec.gov/Archives/edgar/data/897723/0000897723-22-000029.txt
Sanmina,SANM,0000897723,2023-11-16,https://www.sec.gov/Archives/edgar/data/897723/0000897723-23-000028.txt
Sanmina,SANM,0000897723,2024-11-27,https://www.sec.gov/Archives/edgar/data/897723/0000897723-24-000056.txt
Sanmina,SANM,0000897723,2025-11-13,https://www.sec.gov/Archives/edgar/data/897723/0000897723-25-000042.txt
EchoStar,SATS,0001415404,2022-02-24,https://www.sec.gov/Archives/edgar/data/1415404/0001415404-22-000005.txt
EchoStar,SATS,0001415404,2023-02-23,https://www.sec.gov/Archives/edgar/data/1415404/0001415404-23-000005.txt
EchoStar,SATS,0001415404,2024-02-29,https://www.sec.gov/Archives/edgar/data/1415404/0001558370-24-002209.txt
EchoStar,SATS,0001415404,2025-02-27,https://www.sec.gov/Archives/edgar/data/1415404/0001558370-25-001663.txt
Starbucks,SBUX,0000829224,2022-11-18,https://www.sec.gov/Archives/edgar/data/829224/0000829224-22-000058.txt
Starbucks,SBUX,0000829224,2023-11-17,https://www.sec.gov/Archives/edgar/data/829224/0000829224-23-000058.txt
Starbucks,SBUX,0000829224,2024-11-20,https://www.sec.gov/Archives/edgar/data/829224/0000829224-24-000057.txt
Starbucks,SBUX,0000829224,2025-11-14,https://www.sec.gov/Archives/edgar/data/829224/0000829224-25-000114.txt
Charles Schwab,SCHW,0000316709,2022-02-24,https://www.sec.gov/Archives/edgar/data/316709/0000316709-22-000009.txt
Charles Schwab,SCHW,0000316709,2023-02-24,https://www.sec.gov/Archives/edgar/data/316709/0000316709-23-000009.txt
Charles Schwab,SCHW,0000316709,2024-02-23,https://www.sec.gov/Archives/edgar/data/316709/0000316709-24-000018.txt
Charles Schwab,SCHW,0000316709,2025-02-26,https://www.sec.gov/Archives/edgar/data/316709/0000316709-25-000010.txt
Seaboard,SEB,0000088121,2022-02-15,https://www.sec.gov/Archives/edgar/data/88121/0000088121-22-000017.txt
Seaboard,SEB,0000088121,2023-02-14,https://www.sec.gov/Archives/edgar/data/88121/0000088121-23-000020.txt
Seaboard,SEB,0000088121,2024-02-13,https://www.sec.gov/Archives/edgar/data/88121/0000088121-24-000025.txt
Seaboard,SEB,0000088121,2025-02-13,https://www.sec.gov/Archives/edgar/data/88121/0000088121-25-000017.txt
Sprouts Farmers Market,SFM,0001575515,2022-02-24,https://www.sec.gov/Archives/edgar/data/1575515/0000950170-22-001976.txt
Sprouts Farmers Market,SFM,0001575515,2023-03-02,https://www.sec.gov/Archives/edgar/data/1575515/0000950170-23-005723.txt
Sprouts Farmers Market,SFM,0001575515,2024-02-22,https://www.sec.gov/Archives/edgar/data/1575515/0000950170-24-018768.txt
Sprouts Farmers Market,SFM,0001575515,2025-02-20,https://www.sec.gov/Archives/edgar/data/1575515/0001575515-25-000011.txt
Sherwin-Williams,SHW,0000089800,2022-02-17,https://www.sec.gov/Archives/edgar/data/89800/0000089800-22-000007.txt
Sherwin-Williams,SHW,0000089800,2023-02-22,https://www.sec.gov/Archives/edgar/data/89800/0000089800-23-000007.txt
Sherwin-Williams,SHW,0000089800,2024-02-20,https://www.sec.gov/Archives/edgar/data/89800/0000089800-24-000033.txt
Sherwin-Williams,SHW,0000089800,2025-02-20,https://www.sec.gov/Archives/edgar/data/89800/0000089800-25-000030.txt
Sirius XM Holdings,SIRI,0000908937,2022-02-01,https://www.sec.gov/Archives/edgar/data/908937/0000908937-22-000007.txt
Sirius XM Holdings,SIRI,0000908937,2023-02-02,https://www.sec.gov/Archives/edgar/data/908937/0000908937-23-000006.txt
Sirius XM Holdings,SIRI,0000908937,2024-02-01,https://www.sec.gov/Archives/edgar/data/908937/0000908937-24-000008.txt
Sirius XM Holdings,SIRI,0000908937,2025-01-30,https://www.sec.gov/Archives/edgar/data/908937/0000908937-25-000005.txt
J.M. Smucker,SJM,0000091419,2022-06-16,https://www.sec.gov/Archives/edgar/data/91419/0000091419-22-000049.txt
J.M. Smucker,SJM,0000091419,2023-06-20,https://www.sec.gov/Archives/edgar/data/91419/0000091419-23-000072.txt
J.M. Smucker,SJM,0000091419,2024-06-18,https://www.sec.gov/Archives/edgar/data/91419/0000091419-24-000054.txt
J.M. Smucker,SJM,0000091419,2025-06-18,https://www.sec.gov/Archives/edgar/data/91419/0000091419-25-000056.txt
Skechers U.S.A.,SKX,0001065696,2022-02-25,https://www.sec.gov/Archives/edgar/data/1065696/0001065696-22-000006.txt
Skechers U.S.A.,SKX,0001065696,2023-02-23,https://www.sec.gov/Archives/edgar/data/1065696/0001065696-23-000008.txt
Skechers U.S.A.,SKX,0001065696,2024-02-22,https://www.sec.gov/Archives/edgar/data/1065696/0001065696-24-000009.txt
Skechers U.S.A.,SKX,0001065696,2025-02-20,https://www.sec.gov/Archives/edgar/data/1065696/0001065696-25-000015.txt
Super Micro Computer,SMCI,0001375365,2022-08-29,https://www.sec.gov/Archives/edgar/data/1375365/0001375365-22-000103.txt
Super Micro Computer,SMCI,0001375365,2023-08-28,https://www.sec.gov/Archives/edgar/data/1375365/0001375365-23-000036.txt
Super Micro Computer,SMCI,0001375365,2025-02-25,https://www.sec.gov/Archives/edgar/data/1375365/0001375365-25-000004.txt
Super Micro Computer,SMCI,0001375365,2025-08-28,https://www.sec.gov/Archives/edgar/data/1375365/0001375365-25-000027.txt
StoneX Group,SNEX,0000913760,2022-11-29,https://www.sec.gov/Archives/edgar/data/913760/0000913760-22-000174.txt
StoneX Group,SNEX,0000913760,2023-11-24,https://www.sec.gov/Archives/edgar/data/913760/0000913760-23-000159.txt
StoneX Group,SNEX,0000913760,2024-11-29,https://www.sec.gov/Archives/edgar/data/913760/0000913760-24-000187.txt
StoneX Group,SNEX,0000913760,2025-11-28,https://www.sec.gov/Archives/edgar/data/913760/0000913760-25-000196.txt
TD Synnex,SNX,0001177394,2022-01-28,https://www.sec.gov/Archives/edgar/data/1177394/0001564590-22-003003.txt
TD Synnex,SNX,0001177394,2023-01-24,https://www.sec.gov/Archives/edgar/data/1177394/0001177394-23-000010.txt
TD Synnex,SNX,0001177394,2024-01-26,https://www.sec.gov/Archives/edgar/data/1177394/0001177394-24-000014.txt
TD Synnex,SNX,0001177394,2025-01-24,https://www.sec.gov/Archives/edgar/data/1177394/0001177394-25-000009.txt
Southern,SO,0000092122,2022-02-17,https://www.sec.gov/Archives/edgar/data/92122/0000092122-22-000003.txt
Southern,SO,0000092122,2023-02-16,https://www.sec.gov/Archives/edgar/data/92122/0000092122-23-000012.txt
Southern,SO,0000092122,2024-02-15,https://www.sec.gov/Archives/edgar/data/92122/0000092122-24-000009.txt
Southern,SO,0000092122,2025-02-20,https://www.sec.gov/Archives/edgar/data/92122/0000092122-25-000018.txt
Solventum,SOLV,0001964738,2025-02-28,https://www.sec.gov/Archives/edgar/data/1964738/0001964738-25-000019.txt
S&P Global,SPGI,0000064040,2022-02-08,https://www.sec.gov/Archives/edgar/data/64040/0000064040-22-000055.txt
S&P Global,SPGI,0000064040,2023-02-10,https://www.sec.gov/Archives/edgar/data/64040/0000064040-23-000058.txt
S&P Global,SPGI,0000064040,2024-02-09,https://www.sec.gov/Archives/edgar/data/64040/0000064040-24-000071.txt
S&P Global,SPGI,0000064040,2025-02-11,https://www.sec.gov/Archives/edgar/data/64040/0000064040-25-000052.txt
SpartanNash,SPTN,0000877422,2022-03-02,https://www.sec.gov/Archives/edgar/data/877422/0001564590-22-008291.txt
SpartanNash,SPTN,0000877422,2023-03-01,https://www.sec.gov/Archives/edgar/data/877422/0000950170-23-005530.txt
SpartanNash,SPTN,0000877422,2024-02-28,https://www.sec.gov/Archives/edgar/data/877422/0000950170-24-022070.txt
SpartanNash,SPTN,0000877422,2025-02-26,https://www.sec.gov/Archives/edgar/data/877422/0000950170-25-027738.txt
Sempra,SRE,0001032208,2022-02-25,https://www.sec.gov/Archives/edgar/data/1032208/0001032208-22-000007.txt
Sempra,SRE,0001032208,2023-02-28,https://www.sec.gov/Archives/edgar/data/1032208/0001032208-23-000008.txt
Sempra,SRE,0001032208,2024-02-27,https://www.sec.gov/Archives/edgar/data/1032208/0001032208-24-000007.txt
Sempra,SRE,0001032208,2025-02-25,https://www.sec.gov/Archives/edgar/data/1032208/0001032208-25-000012.txt
Steel Dynamics,STLD,0001022671,2022-02-28,https://www.sec.gov/Archives/edgar/data/1022671/0001558370-22-002377.txt
Steel Dynamics,STLD,0001022671,2023-02-28,https://www.sec.gov/Archives/edgar/data/1022671/0001558370-23-002303.txt
Steel Dynamics,STLD,0001022671,2024-02-29,https://www.sec.gov/Archives/edgar/data/1022671/0001558370-24-002152.txt
Steel Dynamics,STLD,0001022671,2025-02-28,https://www.sec.gov/Archives/edgar/data/1022671/0001558370-25-001886.txt
State Street,STT,0000093751,2022-02-17,https://www.sec.gov/Archives/edgar/data/93751/0000093751-22-000424.txt
State Street,STT,0000093751,2023-02-16,https://www.sec.gov/Archives/edgar/data/93751/0000093751-23-000489.txt
State Street,STT,0000093751,2024-02-15,https://www.sec.gov/Archives/edgar/data/93751/0000093751-24-000498.txt
State Street,STT,0000093751,2025-02-13,https://www.sec.gov/Archives/edgar/data/93751/0000093751-25-000111.txt
Constellation Brands,STZ,0000016918,2022-04-21,https://www.sec.gov/Archives/edgar/data/16918/0000016918-22-000069.txt
Constellation Brands,STZ,0000016918,2023-04-20,https://www.sec.gov/Archives/edgar/data/16918/0000016918-23-000045.txt
Constellation Brands,STZ,0000016918,2024-04-23,https://www.sec.gov/Archives/edgar/data/16918/0000016918-24-000054.txt
Constellation Brands,STZ,0000016918,2025-04-23,https://www.sec.gov/Archives/edgar/data/16918/0000016918-25-000022.txt
Stanley Black & Decker,SWK,0000093556,2022-02-22,https://www.sec.gov/Archives/edgar/data/93556/0000093556-22-000015.txt
Stanley Black & Decker,SWK,0000093556,2023-02-23,https://www.sec.gov/Archives/edgar/data/93556/0000093556-23-000007.txt
Stanley Black & Decker,SWK,0000093556,2024-02-27,https://www.sec.gov/Archives/edgar/data/93556/0000093556-24-000032.txt
Stanley Black & Decker,SWK,0000093556,2025-02-18,https://www.sec.gov/Archives/edgar/data/93556/0000093556-25-000007.txt
Synchrony Financial,SYF,0001601712,2022-02-10,https://www.sec.gov/Archives/edgar/data/1601712/0001601712-22-000053.txt
Synchrony Financial,SYF,0001601712,2023-02-09,https://www.sec.gov/Archives/edgar/data/1601712/0001601712-23-000037.txt
Synchrony Financial,SYF,0001601712,2024-02-08,https://www.sec.gov/Archives/edgar/data/1601712/0001601712-24-000047.txt
Synchrony Financial,SYF,0001601712,2025-02-07,https://www.sec.gov/Archives/edgar/data/1601712/0001601712-25-000044.txt
Stryker,SYK,0000310764,2022-02-11,https://www.sec.gov/Archives/edgar/data/310764/0000310764-22-000028.txt
Stryker,SYK,0000310764,2023-02-10,https://www.sec.gov/Archives/edgar/data/310764/0000310764-23-000017.txt
Stryker,SYK,0000310764,2024-02-14,https://www.sec.gov/Archives/edgar/data/310764/0000310764-24-000024.txt
Stryker,SYK,0000310764,2025-02-12,https://www.sec.gov/Archives/edgar/data/310764/0000310764-25-000023.txt
Sysco,SYY,0000096021,2022-08-26,https://www.sec.gov/Archives/edgar/data/96021/0000096021-22-000151.txt
Sysco,SYY,0000096021,2023-08-25,https://www.sec.gov/Archives/edgar/data/96021/0000096021-23-000117.txt
Sysco,SYY,0000096021,2024-08-28,https://www.sec.gov/Archives/edgar/data/96021/0000096021-24-000128.txt
Sysco,SYY,0000096021,2025-08-22,https://www.sec.gov/Archives/edgar/data/96021/0000096021-25-000099.txt
AT&T,T,0000732717,2022-02-16,https://www.sec.gov/Archives/edgar/data/732717/0000732717-22-000015.txt
AT&T,T,0000732717,2023-02-13,https://www.sec.gov/Archives/edgar/data/732717/0000732717-23-000011.txt
AT&T,T,0000732717,2024-02-23,https://www.sec.gov/Archives/edgar/data/732717/0000732717-24-000009.txt
AT&T,T,0000732717,2025-02-12,https://www.sec.gov/Archives/edgar/data/732717/0000732717-25-000013.txt
Molson Coors Beverage,TAP,0000024545,2022-02-23,https://www.sec.gov/Archives/edgar/data/24545/0000024545-22-000005.txt
Molson Coors Beverage,TAP,0000024545,2023-02-21,https://www.sec.gov/Archives/edgar/data/24545/0000024545-23-000006.txt
Molson Coors Beverage,TAP,0000024545,2024-02-20,https://www.sec.gov/Archives/edgar/data/24545/0000024545-24-000005.txt
Molson Coors Beverage,TAP,0000024545,2025-02-18,https://www.sec.gov/Archives/edgar/data/24545/0000024545-25-000007.txt
TransDigm Group,TDG,0001260221,2022-11-10,https://www.sec.gov/Archives/edgar/data/1260221/0001260221-22-000065.txt
TransDigm Group,TDG,0001260221,2023-11-09,https://www.sec.gov/Archives/edgar/data/1260221/0001260221-23-000081.txt
TransDigm Group,TDG,0001260221,2024-11-07,https://www.sec.gov/Archives/edgar/data/1260221/0001260221-24-000083.txt
TransDigm Group,TDG,0001260221,2025-11-12,https://www.sec.gov/Archives/edgar/data/1260221/0001260221-25-000081.txt
Truist Financial,TFC,0000092230,2022-02-23,https://www.sec.gov/Archives/edgar/data/92230/0000092230-22-000008.txt
Truist Financial,TFC,0000092230,2023-02-28,https://www.sec.gov/Archives/edgar/data/92230/0000092230-23-000034.txt
Truist Financial,TFC,0000092230,2024-02-27,https://www.sec.gov/Archives/edgar/data/92230/0000092230-24-000010.txt
Truist Financial,TFC,0000092230,2025-02-25,https://www.sec.gov/Archives/edgar/data/92230/0000092230-25-000020.txt
Target,TGT,0000027419,2022-03-09,https://www.sec.gov/Archives/edgar/data/27419/0000027419-22-000007.txt
Target,TGT,0000027419,2023-03-08,https://www.sec.gov/Archives/edgar/data/27419/0000027419-23-000015.txt
Target,TGT,0000027419,2024-03-13,https://www.sec.gov/Archives/edgar/data/27419/0000027419-24-000032.txt
Target,TGT,0000027419,2025-03-12,https://www.sec.gov/Archives/edgar/data/27419/0000027419-25-000018.txt
Tenet Healthcare,THC,0000070318,2022-02-18,https://www.sec.gov/Archives/edgar/data/70318/0000070318-22-000013.txt
Tenet Healthcare,THC,0000070318,2023-02-21,https://www.sec.gov/Archives/edgar/data/70318/0000070318-23-000010.txt
Tenet Healthcare,THC,0000070318,2024-02-16,https://www.sec.gov/Archives/edgar/data/70318/0000070318-24-000016.txt
Tenet Healthcare,THC,0000070318,2025-02-18,https://www.sec.gov/Archives/edgar/data/70318/0000070318-25-000009.txt
THOR Industries,THO,0000730263,2022-09-28,https://www.sec.gov/Archives/edgar/data/730263/0000730263-22-000019.txt
THOR Industries,THO,0000730263,2023-09-25,https://www.sec.gov/Archives/edgar/data/730263/0000730263-23-000016.txt
THOR Industries,THO,0000730263,2024-09-24,https://www.sec.gov/Archives/edgar/data/730263/0000730263-24-000010.txt
THOR Industries,THO,0000730263,2025-09-24,https://www.sec.gov/Archives/edgar/data/730263/0000730263-25-000019.txt
TJX,TJX,0000109198,2022-03-30,https://www.sec.gov/Archives/edgar/data/109198/0000109198-22-000008.txt
TJX,TJX,0000109198,2023-03-29,https://www.sec.gov/Archives/edgar/data/109198/0000109198-23-000004.txt
TJX,TJX,0000109198,2024-04-03,https://www.sec.gov/Archives/edgar/data/109198/0000109198-24-000014.txt
TJX,TJX,0000109198,2025-04-02,https://www.sec.gov/Archives/edgar/data/109198/0000109198-25-000010.txt
Taylor Morrison Home,TMHC,0001562476,2022-02-23,https://www.sec.gov/Archives/edgar/data/1562476/0001628280-22-003466.txt
Taylor Morrison Home,TMHC,0001562476,2023-02-22,https://www.sec.gov/Archives/edgar/data/1562476/0001628280-23-004524.txt
Taylor Morrison Home,TMHC,0001562476,2024-02-21,https://www.sec.gov/Archives/edgar/data/1562476/0000950170-24-017842.txt
Taylor Morrison Home,TMHC,0001562476,2025-02-19,https://www.sec.gov/Archives/edgar/data/1562476/0001628280-25-006416.txt
Thermo Fisher Scientific,TMO,0000097745,2022-02-24,https://www.sec.gov/Archives/edgar/data/97745/0000097745-22-000011.txt
Thermo Fisher Scientific,TMO,0000097745,2023-02-23,https://www.sec.gov/Archives/edgar/data/97745/0000097745-23-000008.txt
Thermo Fisher Scientific,TMO,0000097745,2024-02-22,https://www.sec.gov/Archives/edgar/data/97745/0000097745-24-000007.txt
Thermo Fisher Scientific,TMO,0000097745,2025-02-20,https://www.sec.gov/Archives/edgar/data/97745/0000097745-25-000010.txt
Toll Brothers,TOL,0000794170,2022-12-19,https://www.sec.gov/Archives/edgar/data/794170/0000794170-22-000049.txt
Toll Brothers,TOL,0000794170,2023-12-21,https://www.sec.gov/Archives/edgar/data/794170/0000794170-23-000066.txt
Toll Brothers,TOL,0000794170,2024-12-20,https://www.sec.gov/Archives/edgar/data/794170/0000794170-24-000051.txt
Toll Brothers,TOL,0000794170,2025-12-19,https://www.sec.gov/Archives/edgar/data/794170/0000794170-25-000112.txt
Targa Resources,TRGP,0001389170,2022-02-24,https://www.sec.gov/Archives/edgar/data/1389170/0001564590-22-006563.txt
Targa Resources,TRGP,0001389170,2023-02-22,https://www.sec.gov/Archives/edgar/data/1389170/0000950170-23-003797.txt
Targa Resources,TRGP,0001389170,2024-02-15,https://www.sec.gov/Archives/edgar/data/1389170/0000950170-24-015841.txt
Targa Resources,TRGP,0001389170,2025-02-20,https://www.sec.gov/Archives/edgar/data/1389170/0000950170-25-023983.txt
Travelers,TRV,0000086312,2022-02-17,https://www.sec.gov/Archives/edgar/data/86312/0000086312-22-000013.txt
Travelers,TRV,0000086312,2023-02-16,https://www.sec.gov/Archives/edgar/data/86312/0000086312-23-000011.txt
Travelers,TRV,0000086312,2024-02-15,https://www.sec.gov/Archives/edgar/data/86312/0000086312-24-000012.txt
Travelers,TRV,0000086312,2025-02-13,https://www.sec.gov/Archives/edgar/data/86312/0000086312-25-000012.txt
Tractor Supply,TSCO,0000916365,2022-02-17,https://www.sec.gov/Archives/edgar/data/916365/0000916365-22-000049.txt
Tractor Supply,TSCO,0000916365,2023-02-23,https://www.sec.gov/Archives/edgar/data/916365/0000916365-23-000045.txt
Tractor Supply,TSCO,0000916365,2024-02-23,https://www.sec.gov/Archives/edgar/data/916365/0000916365-24-000046.txt
Tractor Supply,TSCO,0000916365,2025-02-20,https://www.sec.gov/Archives/edgar/data/916365/0000916365-25-000076.txt
Tesla,TSLA,0001318605,2022-02-07,https://www.sec.gov/Archives/edgar/data/1318605/0000950170-22-000796.txt
Tesla,TSLA,0001318605,2023-01-31,https://www.sec.gov/Archives/edgar/data/1318605/0000950170-23-001409.txt
Tesla,TSLA,0001318605,2024-01-29,https://www.sec.gov/Archives/edgar/data/1318605/0001628280-24-002390.txt
Tesla,TSLA,0001318605,2025-01-30,https://www.sec.gov/Archives/edgar/data/1318605/0001628280-25-003063.txt
Tyson Foods,TSN,0000100493,2022-11-14,https://www.sec.gov/Archives/edgar/data/100493/0000100493-22-000097.txt
Tyson Foods,TSN,0000100493,2023-11-13,https://www.sec.gov/Archives/edgar/data/100493/0000100493-23-000105.txt
Tyson Foods,TSN,0000100493,2024-11-12,https://www.sec.gov/Archives/edgar/data/100493/0000100493-24-000119.txt
Tyson Foods,TSN,0000100493,2025-11-10,https://www.sec.gov/Archives/edgar/data/100493/0000100493-25-000095.txt
Texas Instruments,TXN,0000097476,2022-02-04,https://www.sec.gov/Archives/edgar/data/97476/0000097476-22-000009.txt
Texas Instruments,TXN,0000097476,2023-02-03,https://www.sec.gov/Archives/edgar/data/97476/0000097476-23-000007.txt
Texas Instruments,TXN,0000097476,2024-02-02,https://www.sec.gov/Archives/edgar/data/97476/0000097476-24-000007.txt
Texas Instruments,TXN,0000097476,2025-02-14,https://www.sec.gov/Archives/edgar/data/97476/0000097476-25-000007.txt
Textron,TXT,0000217346,2022-02-17,https://www.sec.gov/Archives/edgar/data/217346/0000217346-22-000005.txt
Textron,TXT,0000217346,2023-02-16,https://www.sec.gov/Archives/edgar/data/217346/0000217346-23-000006.txt
Textron,TXT,0000217346,2024-02-12,https://www.sec.gov/Archives/edgar/data/217346/0000217346-24-000017.txt
Textron,TXT,0000217346,2025-02-06,https://www.sec.gov/Archives/edgar/data/217346/0000217346-25-000017.txt
United Airlines Holdings,UAL,0000100517,2022-02-18,https://www.sec.gov/Archives/edgar/data/100517/0000100517-22-000009.txt
United Airlines Holdings,UAL,0000100517,2023-02-16,https://www.sec.gov/Archives/edgar/data/100517/0000100517-23-000048.txt
United Airlines Holdings,UAL,0000100517,2024-02-29,https://www.sec.gov/Archives/edgar/data/100517/0000100517-24-000027.txt
United Airlines Holdings,UAL,0000100517,2025-02-27,https://www.sec.gov/Archives/edgar/data/100517/0000100517-25-000046.txt
Uber Technologies,UBER,0001543151,2022-02-24,https://www.sec.gov/Archives/edgar/data/1543151/0001543151-22-000008.txt
Uber Technologies,UBER,0001543151,2023-02-21,https://www.sec.gov/Archives/edgar/data/1543151/0001543151-23-000010.txt
Uber Technologies,UBER,0001543151,2024-02-15,https://www.sec.gov/Archives/edgar/data/1543151/0001543151-24-000012.txt
Uber Technologies,UBER,0001543151,2025-02-14,https://www.sec.gov/Archives/edgar/data/1543151/0001543151-25-000008.txt
Universal Health Services,UHS,0000352915,2022-02-24,https://www.sec.gov/Archives/edgar/data/352915/0001564590-22-006717.txt
Universal Health Services,UHS,0000352915,2023-02-27,https://www.sec.gov/Archives/edgar/data/352915/0000950170-23-004656.txt
Universal Health Services,UHS,0000352915,2024-02-27,https://www.sec.gov/Archives/edgar/data/352915/0000950170-24-021175.txt
Universal Health Services,UHS,0000352915,2025-02-26,https://www.sec.gov/Archives/edgar/data/352915/0000950170-25-027785.txt
Ulta Beauty,ULTA,0001403568,2022-03-25,https://www.sec.gov/Archives/edgar/data/1403568/0001558370-22-004330.txt
Ulta Beauty,ULTA,0001403568,2023-03-24,https://www.sec.gov/Archives/edgar/data/1403568/0001558370-23-004581.txt
Ulta Beauty,ULTA,0001403568,2024-03-26,https://www.sec.gov/Archives/edgar/data/1403568/0001558370-24-003941.txt
Ulta Beauty,ULTA,0001403568,2025-03-27,https://www.sec.gov/Archives/edgar/data/1403568/0001558370-25-003810.txt
United Natural Foods,UNFI,0001020859,2022-09-27,https://www.sec.gov/Archives/edgar/data/1020859/0001020859-22-000054.txt
United Natural Foods,UNFI,0001020859,2023-09-26,https://www.sec.gov/Archives/edgar/data/1020859/0001020859-23-000048.txt
United Natural Foods,UNFI,0001020859,2024-10-01,https://www.sec.gov/Archives/edgar/data/1020859/0001020859-24-000045.txt
United Natural Foods,UNFI,0001020859,2025-10-01,https://www.sec.gov/Archives/edgar/data/1020859/0001020859-25-000054.txt
UnitedHealth Group,UNH,0000731766,2022-02-15,https://www.sec.gov/Archives/edgar/data/731766/0000731766-22-000008.txt
UnitedHealth Group,UNH,0000731766,2023-02-24,https://www.sec.gov/Archives/edgar/data/731766/0000731766-23-000008.txt
UnitedHealth Group,UNH,0000731766,2024-02-28,https://www.sec.gov/Archives/edgar/data/731766/0000731766-24-000081.txt
UnitedHealth Group,UNH,0000731766,2025-02-27,https://www.sec.gov/Archives/edgar/data/731766/0000731766-25-000063.txt
Unum Group,UNM,0000005513,2022-02-25,https://www.sec.gov/Archives/edgar/data/5513/0000005513-22-000030.txt
Unum Group,UNM,0000005513,2023-02-23,https://www.sec.gov/Archives/edgar/data/5513/0000005513-23-000034.txt
Unum Group,UNM,0000005513,2024-02-20,https://www.sec.gov/Archives/edgar/data/5513/0000005513-24-000015.txt
Unum Group,UNM,0000005513,2025-02-27,https://www.sec.gov/Archives/edgar/data/5513/0000005513-25-000015.txt
Union Pacific,UNP,0000100885,2022-02-04,https://www.sec.gov/Archives/edgar/data/100885/0001437749-22-002494.txt
Union Pacific,UNP,0000100885,2023-02-10,https://www.sec.gov/Archives/edgar/data/100885/0001437749-23-002959.txt
Union Pacific,UNP,0000100885,2024-02-09,https://www.sec.gov/Archives/edgar/data/100885/0001437749-24-003599.txt
Union Pacific,UNP,0000100885,2025-02-07,https://www.sec.gov/Archives/edgar/data/100885/0000100885-25-000042.txt
United Parcel Service,UPS,0001090727,2022-02-22,https://www.sec.gov/Archives/edgar/data/1090727/0001090727-22-000007.txt
United Parcel Service,UPS,0001090727,2023-02-21,https://www.sec.gov/Archives/edgar/data/1090727/0001090727-23-000006.txt
United Parcel Service,UPS,0001090727,2024-02-20,https://www.sec.gov/Archives/edgar/data/1090727/0001090727-24-000008.txt
United Parcel Service,UPS,0001090727,2025-02-18,https://www.sec.gov/Archives/edgar/data/1090727/0001090727-25-000019.txt
United Rentals,URI,0001067701,2022-01-26,https://www.sec.gov/Archives/edgar/data/1067701/0001067701-22-000008.txt
United Rentals,URI,0001067701,2023-01-25,https://www.sec.gov/Archives/edgar/data/1067701/0001067701-23-000010.txt
United Rentals,URI,0001067701,2024-01-24,https://www.sec.gov/Archives/edgar/data/1067701/0001067701-24-000007.txt
United Rentals,URI,0001067701,2025-01-29,https://www.sec.gov/Archives/edgar/data/1067701/0001067701-25-000008.txt
U.S. Bancorp,USB,0000036104,2022-02-22,https://www.sec.gov/Archives/edgar/data/36104/0001193125-22-048709.txt
U.S. Bancorp,USB,0000036104,2023-02-27,https://www.sec.gov/Archives/edgar/data/36104/0001193125-23-050691.txt
U.S. Bancorp,USB,0000036104,2024-02-20,https://www.sec.gov/Archives/edgar/data/36104/0000036104-24-000018.txt
U.S. Bancorp,USB,0000036104,2025-02-21,https://www.sec.gov/Archives/edgar/data/36104/0000036104-25-000016.txt
US Foods Holding,USFD,0001665918,2022-02-17,https://www.sec.gov/Archives/edgar/data/1665918/0001665918-22-000008.txt
US Foods Holding,USFD,0001665918,2023-02-17,https://www.sec.gov/Archives/edgar/data/1665918/0001665918-23-000023.txt
US Foods Holding,USFD,0001665918,2024-02-15,https://www.sec.gov/Archives/edgar/data/1665918/0001665918-24-000014.txt
US Foods Holding,USFD,0001665918,2025-02-13,https://www.sec.gov/Archives/edgar/data/1665918/0001665918-25-000017.txt
Visa,V,0001403161,2022-11-16,https://www.sec.gov/Archives/edgar/data/1403161/0001403161-22-000081.txt
Visa,V,0001403161,2023-11-15,https://www.sec.gov/Archives/edgar/data/1403161/0001403161-23-000099.txt
Visa,V,0001403161,2024-11-13,https://www.sec.gov/Archives/edgar/data/1403161/0001403161-24-000058.txt
Visa,V,0001403161,2025-11-06,https://www.sec.gov/Archives/edgar/data/1403161/0001403161-25-000089.txt
VF,VFC,0000103379,2022-05-26,https://www.sec.gov/Archives/edgar/data/103379/0000103379-22-000006.txt
VF,VFC,0000103379,2023-05-25,https://www.sec.gov/Archives/edgar/data/103379/0000103379-23-000006.txt
VF,VFC,0000103379,2024-05-23,https://www.sec.gov/Archives/edgar/data/103379/0000103379-24-000008.txt
VF,VFC,0000103379,2025-05-22,https://www.sec.gov/Archives/edgar/data/103379/0000103379-25-000023.txt
Valero Energy,VLO,0001035002,2022-02-22,https://www.sec.gov/Archives/edgar/data/1035002/0001035002-22-000007.txt
Valero Energy,VLO,0001035002,2023-02-23,https://www.sec.gov/Archives/edgar/data/1035002/0001035002-23-000027.txt
Valero Energy,VLO,0001035002,2024-02-22,https://www.sec.gov/Archives/edgar/data/1035002/0001035002-24-000007.txt
Valero Energy,VLO,0001035002,2025-02-26,https://www.sec.gov/Archives/edgar/data/1035002/0001035002-25-000005.txt
Vulcan Materials,VMC,0001396009,2022-02-25,https://www.sec.gov/Archives/edgar/data/1396009/0001396009-22-000010.txt
Vulcan Materials,VMC,0001396009,2023-02-24,https://www.sec.gov/Archives/edgar/data/1396009/0001396009-23-000007.txt
Vulcan Materials,VMC,0001396009,2024-02-22,https://www.sec.gov/Archives/edgar/data/1396009/0001396009-24-000006.txt
Vulcan Materials,VMC,0001396009,2025-02-20,https://www.sec.gov/Archives/edgar/data/1396009/0001396009-25-000005.txt
Voya Financial,VOYA,0001535929,2022-02-22,https://www.sec.gov/Archives/edgar/data/1535929/0001535929-22-000018.txt
Voya Financial,VOYA,0001535929,2023-02-24,https://www.sec.gov/Archives/edgar/data/1535929/0001535929-23-000019.txt
Voya Financial,VOYA,0001535929,2024-02-23,https://www.sec.gov/Archives/edgar/data/1535929/0001535929-24-000035.txt
Voya Financial,VOYA,0001535929,2025-02-21,https://www.sec.gov/Archives/edgar/data/1535929/0001535929-25-000017.txt
Vertiv Holdings,VRT,0001674101,2022-03-01,https://www.sec.gov/Archives/edgar/data/1674101/0001628280-22-004533.txt
Vertiv Holdings,VRT,0001674101,2023-02-27,https://www.sec.gov/Archives/edgar/data/1674101/0001628280-23-005248.txt
Vertiv Holdings,VRT,0001674101,2024-02-23,https://www.sec.gov/Archives/edgar/data/1674101/0001628280-24-006498.txt
Vertiv Holdings,VRT,0001674101,2025-02-18,https://www.sec.gov/Archives/edgar/data/1674101/0001628280-25-005905.txt
Vertex Pharmaceuticals,VRTX,0000875320,2022-02-09,https://www.sec.gov/Archives/edgar/data/875320/0000875320-22-000007.txt
Vertex Pharmaceuticals,VRTX,0000875320,2023-02-10,https://www.sec.gov/Archives/edgar/data/875320/0000875320-23-000007.txt
Vertex Pharmaceuticals,VRTX,0000875320,2024-02-15,https://www.sec.gov/Archives/edgar/data/875320/0000875320-24-000062.txt
Vertex Pharmaceuticals,VRTX,0000875320,2025-02-13,https://www.sec.gov/Archives/edgar/data/875320/0000875320-25-000053.txt
Vistra,VST,0001692819,2022-02-25,https://www.sec.gov/Archives/edgar/data/1692819/0001692819-22-000005.txt
Vistra,VST,0001692819,2023-03-01,https://www.sec.gov/Archives/edgar/data/1692819/0001692819-23-000005.txt
Vistra,VST,0001692819,2024-02-29,https://www.sec.gov/Archives/edgar/data/1692819/0001692819-24-000012.txt
Vistra,VST,0001692819,2025-02-28,https://www.sec.gov/Archives/edgar/data/1692819/0001692819-25-000013.txt
Viatris,VTRS,0001792044,2022-02-28,https://www.sec.gov/Archives/edgar/data/1792044/0001792044-22-000010.txt
Viatris,VTRS,0001792044,2023-02-27,https://www.sec.gov/Archives/edgar/data/1792044/0001792044-23-000008.txt
Viatris,VTRS,0001792044,2024-02-28,https://www.sec.gov/Archives/edgar/data/1792044/0001792044-24-000008.txt
Viatris,VTRS,0001792044,2025-02-27,https://www.sec.gov/Archives/edgar/data/1792044/0001792044-25-000008.txt
Verizon Communications,VZ,0000732712,2022-02-11,https://www.sec.gov/Archives/edgar/data/732712/0000732712-22-000008.txt
Verizon Communications,VZ,0000732712,2023-02-10,https://www.sec.gov/Archives/edgar/data/732712/0000732712-23-000012.txt
Verizon Communications,VZ,0000732712,2024-02-09,https://www.sec.gov/Archives/edgar/data/732712/0000732712-24-000010.txt
Verizon Communications,VZ,0000732712,2025-02-12,https://www.sec.gov/Archives/edgar/data/732712/0000732712-25-000006.txt
Wayfair,W,0001616707,2022-02-24,https://www.sec.gov/Archives/edgar/data/1616707/0001616707-22-000031.txt
Wayfair,W,0001616707,2023-02-23,https://www.sec.gov/Archives/edgar/data/1616707/0001616707-23-000037.txt
Wayfair,W,0001616707,2024-02-22,https://www.sec.gov/Archives/edgar/data/1616707/0001616707-24-000014.txt
Wayfair,W,0001616707,2025-02-20,https://www.sec.gov/Archives/edgar/data/1616707/0001616707-25-000022.txt
Westinghouse Air Brake Technologies ,WAB,0000943452,2022-02-17,https://www.sec.gov/Archives/edgar/data/943452/0001628280-22-002997.txt
Westinghouse Air Brake Technologies ,WAB,0000943452,2023-02-15,https://www.sec.gov/Archives/edgar/data/943452/0001628280-23-003675.txt
Westinghouse Air Brake Technologies ,WAB,0000943452,2024-02-14,https://www.sec.gov/Archives/edgar/data/943452/0001628280-24-004774.txt
Westinghouse Air Brake Technologies ,WAB,0000943452,2025-02-12,https://www.sec.gov/Archives/edgar/data/943452/0001628280-25-005100.txt
Walgreens Boots Alliance,WBA,0001618921,2022-10-13,https://www.sec.gov/Archives/edgar/data/1618921/0001618921-22-000064.txt
Walgreens Boots Alliance,WBA,0001618921,2023-10-12,https://www.sec.gov/Archives/edgar/data/1618921/0001618921-23-000062.txt
Walgreens Boots Alliance,WBA,0001618921,2024-10-15,https://www.sec.gov/Archives/edgar/data/1618921/0001618921-24-000084.txt
Warner Bros. Discovery,WBD,0001437107,2022-02-24,https://www.sec.gov/Archives/edgar/data/1437107/0001437107-22-000031.txt
Warner Bros. Discovery,WBD,0001437107,2023-02-24,https://www.sec.gov/Archives/edgar/data/1437107/0001437107-23-000019.txt
Warner Bros. Discovery,WBD,0001437107,2024-02-23,https://www.sec.gov/Archives/edgar/data/1437107/0001437107-24-000017.txt
Warner Bros. Discovery,WBD,0001437107,2025-02-27,https://www.sec.gov/Archives/edgar/data/1437107/0001437107-25-000031.txt
WESCO International,WCC,0000929008,2022-02-25,https://www.sec.gov/Archives/edgar/data/929008/0000929008-22-000009.txt
WESCO International,WCC,0000929008,2023-02-21,https://www.sec.gov/Archives/edgar/data/929008/0000929008-23-000006.txt
WESCO International,WCC,0000929008,2024-02-20,https://www.sec.gov/Archives/edgar/data/929008/0000929008-24-000005.txt
WESCO International,WCC,0000929008,2025-02-14,https://www.sec.gov/Archives/edgar/data/929008/0000929008-25-000005.txt
Workday,WDAY,0001327811,2022-02-28,https://www.sec.gov/Archives/edgar/data/1327811/0001327811-22-000030.txt
Workday,WDAY,0001327811,2023-02-27,https://www.sec.gov/Archives/edgar/data/1327811/0001327811-23-000024.txt
Workday,WDAY,0001327811,2024-03-08,https://www.sec.gov/Archives/edgar/data/1327811/0001327811-24-000044.txt
Workday,WDAY,0001327811,2025-03-11,https://www.sec.gov/Archives/edgar/data/1327811/0001327811-25-000056.txt
Western Digital,WDC,0000106040,2022-08-25,https://www.sec.gov/Archives/edgar/data/106040/0000106040-22-000055.txt
Western Digital,WDC,0000106040,2023-08-22,https://www.sec.gov/Archives/edgar/data/106040/0000106040-23-000024.txt
Western Digital,WDC,0000106040,2024-08-20,https://www.sec.gov/Archives/edgar/data/106040/0000106040-24-000031.txt
Western Digital,WDC,0000106040,2025-08-14,https://www.sec.gov/Archives/edgar/data/106040/0000106040-25-000038.txt
WEC Energy Group,WEC,0000783325,2022-02-24,https://www.sec.gov/Archives/edgar/data/783325/0000107815-22-000116.txt
WEC Energy Group,WEC,0000783325,2023-02-23,https://www.sec.gov/Archives/edgar/data/783325/0000107815-23-000100.txt
WEC Energy Group,WEC,0000783325,2024-02-22,https://www.sec.gov/Archives/edgar/data/783325/0000107815-24-000095.txt
WEC Energy Group,WEC,0000783325,2025-02-21,https://www.sec.gov/Archives/edgar/data/783325/0000107815-25-000103.txt
Welltower,WELL,0000766704,2022-02-16,https://www.sec.gov/Archives/edgar/data/766704/0000766704-22-000013.txt
Welltower,WELL,0000766704,2023-02-21,https://www.sec.gov/Archives/edgar/data/766704/0000766704-23-000010.txt
Welltower,WELL,0000766704,2024-02-15,https://www.sec.gov/Archives/edgar/data/766704/0000766704-24-000008.txt
Welltower,WELL,0000766704,2025-02-12,https://www.sec.gov/Archives/edgar/data/766704/0000766704-25-000009.txt
Wells Fargo,WFC,0000072971,2022-02-22,https://www.sec.gov/Archives/edgar/data/72971/0000072971-22-000096.txt
Wells Fargo,WFC,0000072971,2023-02-21,https://www.sec.gov/Archives/edgar/data/72971/0000072971-23-000071.txt
Wells Fargo,WFC,0000072971,2024-02-20,https://www.sec.gov/Archives/edgar/data/72971/0000072971-24-000064.txt
Wells Fargo,WFC,0000072971,2025-02-25,https://www.sec.gov/Archives/edgar/data/72971/0000072971-25-000066.txt
Whirlpool,WHR,0000106640,2022-02-10,https://www.sec.gov/Archives/edgar/data/106640/0000106640-22-000015.txt
Whirlpool,WHR,0000106640,2023-02-10,https://www.sec.gov/Archives/edgar/data/106640/0000106640-23-000015.txt
Whirlpool,WHR,0000106640,2024-02-14,https://www.sec.gov/Archives/edgar/data/106640/0000106640-24-000020.txt
Whirlpool,WHR,0000106640,2025-02-13,https://www.sec.gov/Archives/edgar/data/106640/0000106640-25-000011.txt
World Kinect,WKC,0000789460,2022-02-25,https://www.sec.gov/Archives/edgar/data/789460/0001628280-22-004028.txt
World Kinect,WKC,0000789460,2023-02-24,https://www.sec.gov/Archives/edgar/data/789460/0001628280-23-005058.txt
World Kinect,WKC,0000789460,2024-02-23,https://www.sec.gov/Archives/edgar/data/789460/0001628280-24-006634.txt
World Kinect,WKC,0000789460,2025-02-25,https://www.sec.gov/Archives/edgar/data/789460/0001628280-25-007620.txt
Westlake,WLK,0001262823,2022-02-23,https://www.sec.gov/Archives/edgar/data/1262823/0001262823-22-000014.txt
Westlake,WLK,0001262823,2023-02-22,https://www.sec.gov/Archives/edgar/data/1262823/0001262823-23-000011.txt
Westlake,WLK,0001262823,2024-02-22,https://www.sec.gov/Archives/edgar/data/1262823/0001262823-24-000014.txt
Westlake,WLK,0001262823,2025-02-25,https://www.sec.gov/Archives/edgar/data/1262823/0001262823-25-000011.txt
Waste Management,WM,0000823768,2022-02-15,https://www.sec.gov/Archives/edgar/data/823768/0001558370-22-001179.txt
Waste Management,WM,0000823768,2023-02-07,https://www.sec.gov/Archives/edgar/data/823768/0001558370-23-000964.txt
Waste Management,WM,0000823768,2024-02-13,https://www.sec.gov/Archives/edgar/data/823768/0001558370-24-001049.txt
Waste Management,WM,0000823768,2025-02-19,https://www.sec.gov/Archives/edgar/data/823768/0001558370-25-001132.txt
Williams,WMB,0000107263,2022-02-28,https://www.sec.gov/Archives/edgar/data/107263/0000107263-22-000007.txt
Williams,WMB,0000107263,2023-02-27,https://www.sec.gov/Archives/edgar/data/107263/0000107263-23-000007.txt
Williams,WMB,0000107263,2024-02-21,https://www.sec.gov/Archives/edgar/data/107263/0000107263-24-000019.txt
Williams,WMB,0000107263,2025-02-25,https://www.sec.gov/Archives/edgar/data/107263/0000107263-25-000031.txt
Walmart,WMT,0000104169,2022-03-18,https://www.sec.gov/Archives/edgar/data/104169/0000104169-22-000012.txt
Walmart,WMT,0000104169,2023-03-17,https://www.sec.gov/Archives/edgar/data/104169/0000104169-23-000020.txt
Walmart,WMT,0000104169,2024-03-15,https://www.sec.gov/Archives/edgar/data/104169/0000104169-24-000056.txt
Walmart,WMT,0000104169,2025-03-14,https://www.sec.gov/Archives/edgar/data/104169/0000104169-25-000021.txt
W.R. Berkley,WRB,0000011544,2022-02-24,https://www.sec.gov/Archives/edgar/data/11544/0000011544-22-000007.txt
W.R. Berkley,WRB,0000011544,2023-02-24,https://www.sec.gov/Archives/edgar/data/11544/0000011544-23-000004.txt
W.R. Berkley,WRB,0000011544,2024-02-23,https://www.sec.gov/Archives/edgar/data/11544/0000011544-24-000005.txt
W.R. Berkley,WRB,0000011544,2025-02-24,https://www.sec.gov/Archives/edgar/data/11544/0000011544-25-000005.txt
Williams-Sonoma,WSM,0000719955,2022-03-28,https://www.sec.gov/Archives/edgar/data/719955/0001628280-22-007494.txt
Williams-Sonoma,WSM,0000719955,2023-03-24,https://www.sec.gov/Archives/edgar/data/719955/0001628280-23-009175.txt
Williams-Sonoma,WSM,0000719955,2024-03-20,https://www.sec.gov/Archives/edgar/data/719955/0001628280-24-012221.txt
Williams-Sonoma,WSM,0000719955,2025-03-27,https://www.sec.gov/Archives/edgar/data/719955/0001628280-25-015037.txt
Watsco,WSO,0000105016,2022-02-25,https://www.sec.gov/Archives/edgar/data/105016/0001193125-22-054394.txt
Watsco,WSO,0000105016,2023-02-24,https://www.sec.gov/Archives/edgar/data/105016/0001193125-23-048758.txt
Watsco,WSO,0000105016,2024-02-23,https://www.sec.gov/Archives/edgar/data/105016/0001193125-24-044609.txt
Watsco,WSO,0000105016,2025-02-28,https://www.sec.gov/Archives/edgar/data/105016/0001193125-25-041730.txt
United States Steel,X,0001163302,2022-02-11,https://www.sec.gov/Archives/edgar/data/1163302/0001163302-22-000021.txt
United States Steel,X,0001163302,2023-02-03,https://www.sec.gov/Archives/edgar/data/1163302/0001163302-23-000016.txt
United States Steel,X,0001163302,2024-02-02,https://www.sec.gov/Archives/edgar/data/1163302/0001163302-24-000009.txt
United States Steel,X,0001163302,2025-01-31,https://www.sec.gov/Archives/edgar/data/1163302/0001163302-25-000018.txt
Xcel Energy,XEL,0000072903,2022-02-23,https://www.sec.gov/Archives/edgar/data/72903/0000072903-22-000010.txt
Xcel Energy,XEL,0000072903,2023-02-23,https://www.sec.gov/Archives/edgar/data/72903/0000072903-23-000007.txt
Xcel Energy,XEL,0000072903,2024-02-21,https://www.sec.gov/Archives/edgar/data/72903/0000072903-24-000034.txt
Xcel Energy,XEL,0000072903,2025-02-27,https://www.sec.gov/Archives/edgar/data/72903/0000072903-25-000029.txt
Exxon Mobil,XOM,0000034088,2022-02-23,https://www.sec.gov/Archives/edgar/data/34088/0000034088-22-000011.txt
Exxon Mobil,XOM,0000034088,2023-02-22,https://www.sec.gov/Archives/edgar/data/34088/0000034088-23-000020.txt
Exxon Mobil,XOM,0000034088,2024-02-28,https://www.sec.gov/Archives/edgar/data/34088/0000034088-24-000018.txt
Exxon Mobil,XOM,0000034088,2025-02-19,https://www.sec.gov/Archives/edgar/data/34088/0000034088-25-000010.txt
XPO,XPO,0001166003,2022-02-16,https://www.sec.gov/Archives/edgar/data/1166003/0001166003-22-000024.txt
XPO,XPO,0001166003,2023-02-13,https://www.sec.gov/Archives/edgar/data/1166003/0001166003-23-000017.txt
XPO,XPO,0001166003,2024-02-08,https://www.sec.gov/Archives/edgar/data/1166003/0001166003-24-000022.txt
XPO,XPO,0001166003,2025-02-07,https://www.sec.gov/Archives/edgar/data/1166003/0001166003-25-000017.txt
Xylem,XYL,0001524472,2022-02-25,https://www.sec.gov/Archives/edgar/data/1524472/0001524472-22-000009.txt
Xylem,XYL,0001524472,2023-02-24,https://www.sec.gov/Archives/edgar/data/1524472/0001524472-23-000009.txt
Xylem,XYL,0001524472,2024-02-28,https://www.sec.gov/Archives/edgar/data/1524472/0001524472-24-000006.txt
Xylem,XYL,0001524472,2025-03-03,https://www.sec.gov/Archives/edgar/data/1524472/0001524472-25-000013.txt
Block,XYZ,0001512673,2022-02-24,https://www.sec.gov/Archives/edgar/data/1512673/0001628280-22-003825.txt
Block,XYZ,0001512673,2023-02-23,https://www.sec.gov/Archives/edgar/data/1512673/0001628280-23-004840.txt
Block,XYZ,0001512673,2024-02-22,https://www.sec.gov/Archives/edgar/data/1512673/0001628280-24-006354.txt
Block,XYZ,0001512673,2025-02-24,https://www.sec.gov/Archives/edgar/data/1512673/0001628280-25-007376.txt
Yum Brands,YUM,0001041061,2022-02-23,https://www.sec.gov/Archives/edgar/data/1041061/0001041061-22-000009.txt
Yum Brands,YUM,0001041061,2023-02-27,https://www.sec.gov/Archives/edgar/data/1041061/0001041061-23-000009.txt
Yum Brands,YUM,0001041061,2024-02-20,https://www.sec.gov/Archives/edgar/data/1041061/0001041061-24-000011.txt
Yum Brands,YUM,0001041061,2025-02-19,https://www.sec.gov/Archives/edgar/data/1041061/0001041061-25-000013.txt
Yum China Holdings,YUMC,0001673358,2022-02-28,https://www.sec.gov/Archives/edgar/data/1673358/0001564590-22-007640.txt
Yum China Holdings,YUMC,0001673358,2023-03-01,https://www.sec.gov/Archives/edgar/data/1673358/0000950170-23-005571.txt
Yum China Holdings,YUMC,0001673358,2024-02-29,https://www.sec.gov/Archives/edgar/data/1673358/0000950170-24-023147.txt
Yum China Holdings,YUMC,0001673358,2025-02-27,https://www.sec.gov/Archives/edgar/data/1673358/0000950170-25-029134.txt
Zimmer Biomet Holdings,ZBH,0001136869,2022-02-25,https://www.sec.gov/Archives/edgar/data/1136869/0001564590-22-007160.txt
Zimmer Biomet Holdings,ZBH,0001136869,2023-02-24,https://www.sec.gov/Archives/edgar/data/1136869/0000950170-23-004264.txt
Zimmer Biomet Holdings,ZBH,0001136869,2024-02-23,https://www.sec.gov/Archives/edgar/data/1136869/0000950170-24-019353.txt
Zimmer Biomet Holdings,ZBH,0001136869,2025-02-25,https://www.sec.gov/Archives/edgar/data/1136869/0000950170-25-026604.txt
Zoetis,ZTS,0001555280,2022-02-15,https://www.sec.gov/Archives/edgar/data/1555280/0001555280-22-000078.txt
Zoetis,ZTS,0001555280,2023-02-14,https://www.sec.gov/Archives/edgar/data/1555280/0001555280-23-000074.txt
Zoetis,ZTS,0001555280,2024-02-13,https://www.sec.gov/Archives/edgar/data/1555280/0001555280-24-000143.txt
Zoetis,ZTS,0001555280,2025-02-13,https://www.sec.gov/Archives/edgar/data/1555280/0001555280-25-000102.txt
